/*
Navicat MySQL Data Transfer

Source Server         : Sonha
Source Server Version : 50535
Source Host           : localhost:3306
Source Database       : webshop

Target Server Type    : MYSQL
Target Server Version : 50535
File Encoding         : 65001

Date: 2014-07-17 17:01:44
*/

SET FOREIGN_KEY_CHECKS=0;

-- ----------------------------
-- Table structure for `category`
-- ----------------------------
DROP TABLE IF EXISTS `category`;
CREATE TABLE `category` (
  `id` int(11) NOT NULL AUTO_INCREMENT,
  `title_cat` varchar(255) DEFAULT NULL,
  `description` varchar(255) DEFAULT NULL,
  `user_id` int(11) NOT NULL,
  `parent_id` int(11) DEFAULT NULL,
  PRIMARY KEY (`id`),
  KEY `id` (`user_id`),
  KEY `parent_id` (`parent_id`)
) ENGINE=InnoDB AUTO_INCREMENT=19 DEFAULT CHARSET=utf8;

-- ----------------------------
-- Records of category
-- ----------------------------
INSERT INTO `category` VALUES ('1', 'Xã hội đời sống', 'Xã hội đời sống', '0', null);
INSERT INTO `category` VALUES ('2', 'Thể thao', 'Thể thao văn hóa', '0', null);
INSERT INTO `category` VALUES ('3', 'Công nghệ', 'Công nghệ thông tin', '1', null);
INSERT INTO `category` VALUES ('4', 'Pháp luật', 'Pháp luật xã hội', '0', null);
INSERT INTO `category` VALUES ('5', 'Giải trí', 'THông tin giải trí', '2', '1');
INSERT INTO `category` VALUES ('6', 'Văn hóa', 'Văn hóa xã hội', '0', '1');
INSERT INTO `category` VALUES ('7', 'Bóng đá', 'Thông tin bóng đá', '0', '2');
INSERT INTO `category` VALUES ('8', 'Tennis', 'Tennis', '1', '2');
INSERT INTO `category` VALUES ('9', 'Điện ảnh', 'Movie', '0', null);
INSERT INTO `category` VALUES ('10', 'Âm nhạc', 'Music', '0', null);
INSERT INTO `category` VALUES ('11', 'Hi tech', 'Hi tech', '2', '3');
INSERT INTO `category` VALUES ('12', 'The Voice', 'The Voice', '0', '10');
INSERT INTO `category` VALUES ('13', 'Xfactor', 'Xfactor', '1', '10');
INSERT INTO `category` VALUES ('14', 'US-UK', 'US-UK', '0', '10');
INSERT INTO `category` VALUES ('15', 'Kpop', 'Kpop', '0', '10');
INSERT INTO `category` VALUES ('16', 'Phim Trung Quốc', 'Phim Trung Quốc', '2', '9');
INSERT INTO `category` VALUES ('17', 'Phim Hàn Quốc', 'Phim Hàn Quốc', '0', '9');
INSERT INTO `category` VALUES ('18', 'bánh bao', '<p>\r\n	b&aacute;nh</p>\r\n', '2', '3');

-- ----------------------------
-- Table structure for `news`
-- ----------------------------
DROP TABLE IF EXISTS `news`;
CREATE TABLE `news` (
  `id` int(11) NOT NULL AUTO_INCREMENT,
  `catid` int(11) NOT NULL,
  `title` varchar(255) DEFAULT '',
  `content` text,
  `thumb` varchar(255) DEFAULT NULL,
  `pub_time` date DEFAULT NULL,
  `user_id` int(11) NOT NULL,
  PRIMARY KEY (`id`),
  KEY `news_ibfk_user` (`user_id`)
) ENGINE=InnoDB AUTO_INCREMENT=189 DEFAULT CHARSET=utf8;

-- ----------------------------
-- Records of news
-- ----------------------------
INSERT INTO `news` VALUES ('1', '1', 'Đây là tiêu đề của bài viết', '<p>\r\n	Kh&ocirc;ng như v&agrave;i đợt lạnh trước đ&oacute;, ng&agrave;y h&ocirc;m qua, người H&agrave; Nội đ&atilde; thực sự cảm nhận được c&aacute;i r&eacute;t m&ugrave;a Đ&ocirc;ng đang tr&agrave;n về.cxvxv xcv</p>\r\n', '', '2014-05-09', '0');
INSERT INTO `news` VALUES ('2', '4', 'Đây là tiêu đề của bài viết', 'Căn hộ của Trương Phương được cô chăm chút đến từng vật dụng nhỏ bé, tạo nên sự hài hòa và đồng nhất.', 'http://genk2.vcmedia.vn/thumb_w/600/dTUDlvZ9Pm5DNNPFeHeiGmyg5Bq4ag/Image/2014/05/5368ac83b2b34-6e75e.jpg', '2014-05-09', '1');
INSERT INTO `news` VALUES ('4', '2', 'Đây là tiêu đề của bài viết', 'Chàng trai đó có thể không đẹp trai nhất, không khéo ăn nói nhất, không giỏi giang và tài năng nhất, nhưng chắc chắn, họ sẽ khiến bạn cảm thấy mình là người hạnh phúc nhất.', 'http://genk2.vcmedia.vn/dTUDlvZ9Pm5DNNPFeHeiGmyg5Bq4ag/Image/2014/05/lj0506cos09-f471b.jpg', '2014-05-09', '0');
INSERT INTO `news` VALUES ('5', '2', 'Đây là tiêu đề của bài viết', 'Liễu Nham đã mang đến hình ảnh ma nữ sexy với cảnh tắm chung nóng bỏng cùng bạn diễn Giang Nhất Yến trong bộ phim \"Tứ đại danh bổ 2\".', 'http://genk2.vcmedia.vn/thumb_w/600/dTUDlvZ9Pm5DNNPFeHeiGmyg5Bq4ag/Image/2014/05/lj0506cos01-f471b.jpg', '2014-05-09', '2');
INSERT INTO `news` VALUES ('6', '1', 'Đây là tiêu đề của bài viết', 'Cho tới tận bây giờ, khi đã là 2 ngôi sao sáng nhất làng bóng đá thế giới, C.Ronaldo và Messi vẫn không khỏi đỏ mặt mỗi khi nhắc lại những câu chuyện thời còn cắp sách tới trường.', 'http://genk2.vcmedia.vn/dTUDlvZ9Pm5DNNPFeHeiGmyg5Bq4ag/Image/2014/05/lj0506cos10-f471b.jpg', '2014-05-09', '1');
INSERT INTO `news` VALUES ('7', '2', 'Đây là tiêu đề của bài viết', 'Thầy trò HLV David Moyes tham dự đêm gala từ thiện của Quỹ nhi đồng Liên hợp quốc (UNICEF). Đây là đối tác của nhà vô địch Ngoại hạng Anh trong nhiều năm qua.', 'http://genk2.vcmedia.vn/dTUDlvZ9Pm5DNNPFeHeiGmyg5Bq4ag/Image/2014/05/lj0506cos05-f471b.jpg', '2014-05-09', '0');
INSERT INTO `news` VALUES ('8', '1', 'Đây là tiêu đề của bài viết', 'Thủ quân của Real Madrid tiết lộ anh đã bầu danh hiệu QBV 2013 cho đồng đội Cristiano Ronaldo sau những màn trình diễn chói sáng của cầu thủ người Bồ Đào Nha trong năm 2013.', 'http://genk2.vcmedia.vn/thumb_w/600/dTUDlvZ9Pm5DNNPFeHeiGmyg5Bq4ag/Image/2014/05/lj0506cos12-f471b.jpg', '2014-05-09', '2');
INSERT INTO `news` VALUES ('9', '3', 'Đây là tiêu đề của bài viết', 'Các mẫu xương được \'cậu Thủy\' cho là hài cốt liệt sĩ được xác định là xương lợn nái và xương mèo. Các di vật như: dép cao su, bi đông khắc tên liệt sĩ được làm giả của liệt sĩ.', 'http://genk2.vcmedia.vn/thumb_w/600/dTUDlvZ9Pm5DNNPFeHeiGmyg5Bq4ag/Image/2014/05/lj0506cos16-f471b.jpg', '2014-05-09', '0');
INSERT INTO `news` VALUES ('10', '3', 'Đây là tiêu đề của bài viết', 'Tức giận vì khuyên vợ quay lại đoàn tụ không được, Việt dùng dao đâm chết vợ ngay trại trụ sở công an.', 'http://genk2.vcmedia.vn/dTUDlvZ9Pm5DNNPFeHeiGmyg5Bq4ag/Image/2014/05/lj0506cos17-f471b.jpg', '2014-05-09', '0');
INSERT INTO `news` VALUES ('11', '4', 'Đây là tiêu đề của bài viết', 'Nói là có khả năng chạy cho con anh Thạnh vào trường Trung cấp Cảnh sát TP.HCM với giá 230 triệu đồng, nhưng nhận tiền xong Bắc cao chạy xa bay.', 'http://genk2.vcmedia.vn/dTUDlvZ9Pm5DNNPFeHeiGmyg5Bq4ag/Image/2014/05/lj0506cos19-f471b.jpg', '2014-05-09', '1');
INSERT INTO `news` VALUES ('12', '3', 'Đây là tiêu đề của bài viết', 'Loan vừa nhắm mắt để nhận hoa theo lời đề nghị của chồng, Kha Ly bất ngờ dùng dây xích trói tay chị này vào ổ khóa trong tình trạng khỏa thân. Vị bác sĩ còn dọa sẽ cắt cổ, chặt ngón tay, rạch mặt chị Loan…', 'http://genk2.vcmedia.vn/thumb_w/600/dTUDlvZ9Pm5DNNPFeHeiGmyg5Bq4ag/Image/2014/05/lj0506cos27-f471b.jpg', '2014-05-09', '0');
INSERT INTO `news` VALUES ('13', '2', 'Đây là tiêu đề của bài viết', 'Mọi sự chịu đựng đều có giới hạn', 'http://img.v3.news.zdn.vn/w660/Uploaded/natmtz/2014_05_07/Ngo_Ngoc_Thu_1_1.jpg', '2014-05-09', '2');
INSERT INTO `news` VALUES ('14', '2', 'Đây là tiêu đề của bài viết', 'Suốt từ giai đoạn cuối năm 2010 trở lại đây, game online đã bị ngừng cấp phép tại Việt Nam, điều này đã khiến các doanh nghiệp trong nước lao đao vì tình hình kinh doanh khó khăn. Tận dụng \"lợi thế\" này, game lậu, đặc biệt là sản phẩm của những nhà phát hành nước ngoài đã thoải mái thu lợi hàng tỷ đồng từ game thủ Việt.\r\n\r\nTrong những năm trở lại đây, game lậu đến từ các nhà phát hành quốc tế xâm nhập vào Việt Nam hầu hết đều là các phiên bản được Việt hóa, đặt máy chủ ở nước ngoài và thu tiền người chơi thông qua thẻ cào điện thoại của các nhà mạng hoặc thẻ quốc tế visa, master...\r\n', 'http://webdata.vcmedia.vn/webdata/100/657b15gametqlau1.jpg', '0000-00-00', '0');
INSERT INTO `news` VALUES ('15', '1', 'Đây là tiêu đề của bài viết', 'Nằm trong tổ hợp Trung tâm hội nghị Quốc gia và hội trường Ba Đình mới tại quận Nam Từ Liêm (Hà Nội), khách sạn 5 sao JW Marriott được thiết kế với ý tưởng về sự quyền uy, cao quý của biểu tượng \"con rồng huyền thoại\". Căn phòng sang trọng bậc nhất tại khách sạn nằm ở cuối hành lang tầng 5, đây cũng là vị trí đắc địa nhất trong tổng số 450 phòng nghỉ của khách sạn này.', 'http://img.v3.news.zdn.vn/w660/Uploaded/abhuuah/2014_05_20/hotel11.jpg', '2014-05-22', '0');
INSERT INTO `news` VALUES ('17', '1', 'Đây là tiêu đề của bài viết', 'Dù đã được thu gom những ngày qua nhưng hàng ngàn xác cá vẫn đang trôi khắp kênh Nhiêu Lộc - Thị Nghè và phân hủy gây mùi hôi, ảnh hưởng đến cuộc sống người dân quanh khu vực.\r\nNhập mô tả cho ảnh\r\nĐến chiều ngày 21/5, mặc dù các công nhân vệ sinh môi trường thành phố đã vớt phần lớn số lượng cá chết bất thường vào ngày 20/5 trên kênh Nhiêu Lộc - Thị Nghè, xác cá vẫn nổi trắng, trôi rải rác trên toàn tuyến kênh này với chiều dài hơn 8 km.\r\nNhập mô tả cho ảnh\r\nSau hơn một ngày, những xác cá này bắt đầu phân hủy và bốc mùi hôi ra khu dân cư xung quanh.\r\nNhập mô tả cho ảnh\r\nĐa số xác cá trôi lẫn vào rác thải và bị kẹt lại tại gầm những cây cầu bắc qua kênh Nhiêu Lộc - Thị Nghè. Do đó, mùi hôi từ xác cá phân hủy bao trùm các khu vực này khiến người dân và người tham gia giao thông rất khó chịu.\r\nNhập mô tả cho ảnh\r\nMỗi cửa cống hở của kênh Nhiêu Lộc - Thị Nghè, số lượng cá chết dày đặc cũng ùn ứ làm mùi hôi bốc lên mặt đường.\r\nNhập mô tả cho ảnh\r\nTheo người dân, trước đợt cá chết bất thường ngày 20/5 thì cá trên kênh Nhiêu Lộc - Thị Nghè bơi thành từng đàn có số lượng từ 50 đến hàng trăm con. Nhưng hiện nay, số lượng đàn cá ít hẳn và bơi theo từng đàn chưa đến 30 con, chủ yếu là cá nhỏ.\r\nNhập mô tả cho ảnh\r\nNhững chú cá còn sống sót thì tranh nhau ăn xác những con cá đang phân hủy trôi dạt trên kênh.\r\nNhập mô tả cho ảnh\r\nMột chú ba ba nhỏ đang ăn xác một con cá chết bên cạnh nhiều loại rác thải bao quanh.', 'http://img.v3.news.zdn.vn/w660/Uploaded/nphunsa/2014_05_21/anh_1.JPG', '2014-05-22', '0');
INSERT INTO `news` VALUES ('19', '1', 'Đây là tiêu đề của bài viết', 'Chiều 8/5, đám cưới của Khánh Lan, Minh Hằng ở xóm 9, xã Nghi Vạn (huyện Nghi Lộc, tỉnh Nghệ An) gây xôn xao bởi \"xe hoa\" là chiếc máy cày tự chế, được trang trí cầu kỳ.\r\nChiếc \"xe hoa\" được trang trí gần khoảng 200 quả bóng bay, 4 góc thùng xe là 4 cọc sắt (bằng ống túyp nước) che lọng bằng vải hồng, đầu xe đặt lẵng hoa lớn màu tím và dòng chữ song hỷ. Bốn bánh xe cũng được gắn những chiếc nơ màu tím.', 'http://img.v3.news.zdn.vn/w660/Uploaded/rjsiy/2014_05_09/damcuoi5.jpg', '2014-05-22', '0');
INSERT INTO `news` VALUES ('20', '1', 'Đây là tiêu đề của bài viết', '<div class=\"content\" itemprop=\"articleBody\"><p><strong>Đệ nhất roi đánh cướp</strong><br>\r\n<span class=\"linebreak\"></span>\r\nLuận về võ công, không thể không nhắc đến đất võ Bình Định, cụ thể hơn là những địa danh như Thuận Truyền, An Vinh, An Thái. Đến giờ, tại nơi nghĩa quân Tây Sơn dấy binh đánh đuổi quân thù ấy vẫn còn truyền tụng những câu tục ngữ nói về tinh thần thượng võ của những địa danh này: “Roi Thuận Truyền, quyền An Thái” hay “Trai An Thái, gái An Vinh”… <span class=\"linebreak\"></span>\r\n<span class=\"linebreak\"></span>\r\nThôn Thuận Truyền nằm ở xã Bình Thuận, thôn An Vinh thuộc xã Bình An (quận Bình Khê), An Thái thuộc xã Nhơn Phúc huyện An Nhơn, giờ vẫn tồn tại rất nhiều những lò võ nức tiếng xa gần. <span class=\"linebreak\"></span>\r\n<span class=\"linebreak\"></span>\r\nRoi Thuận Truyền không rõ sáng tổ là ai nhưng từ trước đến nay vẫn tôn vinh tên tuổi của võ sư Hồ Ngạch. Hồ Ngạch tên thật là Hồ Nhu, ông sinh năm 1891, mất năm 1976, nguyên quán thôn Háo Ngãi, xã Bình An, sinh sống tại thôn Thuận Truyền, Bình Thuận. </p><p>Theo sự truyền tụng của giới võ lâm khi ấy, đường roi của Hồ Ngạch là tuyệt kĩ vô song. Danh tiếng lẫy lừng, nên Hồ Ngạch thường được những người học võ tìm đến để thi thố tài nghệ. Các cao nhân thử tài với Hồ Ngạch thì nhiều lắm, nhưng nổi tiếng nhất vẫn là những trận thư hùng với lực sĩ Dư Đành. <br>\r\n<span class=\"linebreak\"></span>\r\nDư Đành là tướng cướp, về võ công thì đến cả quân lính triều đình và thực dân khi nghe tên cũng đã hồn xiêu phách tán. Tung hoành khắp vùng không có đối thủ, nghe tiếng Hồ Ngạch, Dư Đành nhiều lần gửi lời khiêu chiến. Chối từ mãi không được, sau cùng Hồ Ngạch cũng phải nhận lời thách đấu. <span class=\"linebreak\"></span>\r\n<span class=\"linebreak\"></span>\r\nLần ấy, Dư Đành đem lũ lâu la về tận Thuận Truyền và hống hách đưa ra điều kiện, nếu Hồ Ngạch đấu thua thì phải gia nhập đảng cướp của y. Vậy là, tại bãi vắng ngay sát thôn Thuận Truyền đêm ấy, một mình Hồ Ngạch đã đánh bại cả chục tên đệ tử của Dư Đành, vốn đều là những cao thủ võ lâm. </p><table class=\"picture\" cellpadding=\"0\" cellspacing=\"0\">\r\n    <tbody>\r\n        <tr>\r\n            <td class=\"pic\"><img alt=\"Võ sư Phan Thọ. \" src=\"http://img.v3.news.zdn.vn/w660/Uploaded/xpcwvovb/2014_05_22/vo_su1.jpg\"><a href=\"#slideshow\" class=\"btnSlideshow\">Phóng to</a></td>\r\n        </tr>\r\n        <tr>\r\n            <td class=\"pCaption caption\">Võ sư Phan Thọ. </td>\r\n        </tr>\r\n    </tbody>\r\n</table><p>\r\nKhi đám tay chân mỗi tên nằm một góc thì Dư Đành xuất hiện. Với thanh đao sáng loáng trên tay, vừa xuất hiện là Dư Đành tung đòn tới tấp. Thế nhưng, với đường roi thượng thừa của mình, Hồ Ngạch cũng chẳng hề nao núng. </p><p>Đánh mãi mà vẫn không tìm được kẽ hở để “ăn sống nuốt tươi” đối phương, Dư Đành thấy máu nóng dồn lên mặt. Và khi ấy, Hồ Ngạch đã ra đòn tuyệt kỹ. Tránh đòn truy hồn của đối phương, ông nhẹ nhàng tung người đá văng thanh đao cắm xuống đất, đồng thời xoay người giở đòn đánh nghịch. <br>\r\n<span class=\"linebreak\"></span>\r\nBiết đã vào thế hiểm, tiến thoái lưỡng nan, Dư Đành đành nhắm mắt chờ đường roi sát thủ. Thế nhưng, sau khi tiếng roi vun vút cất lên, Dư Đành đã thở phào choàng tỉnh bởi đường roi vừa chạm áo thì đối thủ đã thu về không đánh nữa. <span class=\"linebreak\"></span>\r\n<span class=\"linebreak\"></span>\r\nTrận thư hùng ấy, dù đã nợ Hồ Ngạch một mạng nhưng Dư Đành vẫn không chịu phục. Y rắp tâm kiếm cơ hội trả thù. Bởi thế, một chiều, đang mải mê với những chiêu thức võ thuật thì Hồ Ngạch được mọi người báo tin không biết ai đã đến nương sắn nhà mình và nhổ hết sắn đóng vào những giỏ lớn. <span class=\"linebreak\"></span>\r\n<span class=\"linebreak\"></span>\r\nĐiều lạ lùng là tất cả số sắn đó, kẻ trộm không lấy mang đi mà vẫn để nguyên trên rẫy. Hồ Ngạch đâu biết rằng đó là một âm mưu của Dư Đành. Ra rẫy, thấy sắn bị nhổ, chẳng còn cách nào khác, Hồ Ngạch đành phải quẩy những sọt sắn trĩu nặng ấy về. <span class=\"linebreak\"></span>\r\n<span class=\"linebreak\"></span>\r\nVừa đi được một đoạn thì từ bụi cây bên đường, Dư Đành vọt ra với chiếc bắp cày trên tay. Chẳng nói chẳng rằng, y tung luôn một đường sát thủ. Nghe tiếng gió, Hồ Ngạch vội thụt xuống, đường cày vụt qua đầu, văng thẳng vào cây bồ lời làm thân cây gẫy gập. <span class=\"linebreak\"></span>\r\n<span class=\"linebreak\"></span>\r\nLợi dụng luôn cú đánh hụt ấy, Hồ Ngạch tức tốc áp sát, nhanh như chớp, chụp luôn tay Dư Đành rồi sử dụng thế lạc côn, không những hoá giải mà còn biến sức đối phương thành lực của mình, hất thẳng Dư Đành xuống bụi tre gần đó. Mắc kẹt giữa đám tre gai góc, lúc ấy, Dư Đành mới khẩn khoản xin tha và hứa từ đó không bao giờ dám về làng Thuận Truyền quậy phá nữa.</p><p><strong>Những trận tỉ thí với lực sĩ Nam Hàn</strong><br>\r\n<span class=\"linebreak\"></span>\r\nSáng tổ của làng quyền An Vinh là Nguyễn Ngạc (tức Hương Mục Ngạc). Theo nhiều người thì bà&nbsp; cô tổ của Nguyễn Ngạc chính là thầy dạy võ của nữ tướng Bùi Thị Xuân. Bởi thế, Nguyễn Ngạc xuất thân trong một gia đình có truyền thống võ học. Tiếp thu sở học của gia đình cũng như nhiều tiền nhân lúc bấy giờ, chuyên tâm nghiên cứu quyền pháp, Nguyễn Ngạc đã sáng tạo ra nhiều tuyệt kỹ điêu luyện, đặc biệt là ngón song xỉ đã nức danh khắp chốn. <span class=\"linebreak\"></span>\r\n<span class=\"linebreak\"></span>\r\nTrong số những tên tuổi của “làng quyền An Vinh”, nổi danh có lão võ sư Phan Thọ, người gốc Bình Nghi (Tây Sơn). Võ sư Phan Thọ sinh năm 1925, bắt đầu học võ từ năm 17 tuổi. </p><table class=\"picture\" cellpadding=\"0\" cellspacing=\"0\">\r\n    <tbody>\r\n        <tr>\r\n            <td class=\"pic\"><img src=\"http://img.v3.news.zdn.vn/w660/Uploaded/xpcwvovb/2014_05_22/vo_su2.JPG\" alt=\"Võ sư Phan Thọ lên báo nước ngoài. \"></td>\r\n        </tr>\r\n        <tr>\r\n            <td class=\"pCaption caption\">Võ sư Phan Thọ lên báo nước ngoài. </td>\r\n        </tr>\r\n    </tbody>\r\n</table><p>\r\nCũng giống như nhiều võ sư nổi tiếng khác, võ sư Phan Thọ cũng đã có nhiều trận thi tài mà đến giờ nhiều người khi nhắc tới đều vẫn ngả mũ thán phục. <br>\r\n<span class=\"linebreak\"></span>\r\nNăm 1972, một võ sư Taekwondo đệ ngũ đẳng huyền đai, vốn là một sĩ quan quân đội Nam Hàn đã tìm đến ông gửi lời khiêu chiến. Bị “áp đáo tại gia”, dù mến khách nhưng không có cách nào khác, ông phải nhận lời. <span class=\"linebreak\"></span>\r\n<span class=\"linebreak\"></span>\r\nTrận tỉ thí diễn ra ngay trong nhà. Không khách khí, khách tung đòn trước. Đó là một cú đá có sức mạnh kinh hồn. Nhanh như sóc, Phan Thọ cúi người né tránh khiến chiếc cột giữa nhà thành nạn nhân bất đắc dĩ. Thiết cước ấy làm cả gian nhà rung chuyển. Thủ thế đến chiêu thức thứ ba, khi đối phương vẫn hăng say tung những cú đá nhanh như chảo chớp của mình. Lựa một cú đá quét ngang mặt của đối phương, ông liền giở thế tấn mã tam chiến, một chân quét, một tay đỡ đòn, tay còn lại dương hổ trảo, hạ luôn đối thủ. Chỉ một cú đánh ấy, viên sĩ quan Nam Hàn đã nằm sõng soài ngay góc nhà. Và, đương nhiên, anh ta chắp tay kính phục. </p><p>Tuổi xưa nay hiếm nhưng lão võ sư Phan Thọ vẫn phải đứng ra nhận lời thách đấu của giới võ lâm. Khi ấy, năm 1998, một đoàn võ sĩ cũng của Hàn Quốc lại tìm đến nhà ông. Họ cho rằng, võ cổ truyền của Việt Nam chỉ là võ vườn, không có đẳng cấp như Taekwondo nước họ. <br>\r\n<span class=\"linebreak\"></span>\r\nTuy đã có tuổi, nhưng với khi đã chạm đến lòng tự hào dân tộc, lão võ sư lại xắn áo “thượng đài”. Lợi dụng sức trẻ, võ sinh Hàn Quốc ra đòn vun vút. Có cú sát thủ đến nỗi cả mảng vữa tường rơi lả tả. Lão võ sư cứ nhẹ nhàng tránh né, hoá giải, chờ cơ hội. Và cơ hội ấy cũng đã đến khi đối phương tung một cú đòn lỡ chớn. Chỉ chờ có vậy, lão võ sư liền cúi người, quét luôn chân trụ. Chỉ một cú đòn ấy, đám khách không mời đã phải chắp tay: “Kung fu Tây Sơn danh bất hư truyền!”.</p><p><strong>Long tranh hổ đấu</strong><br>\r\n<span class=\"linebreak\"></span>\r\nNăm 1924, làng võ Bình Định xuất hiện thêm một dòng võ mới đó là quyền Tàu. Người sáng lập ra dòng võ này là Tàu Sáu, tên thật là Diệp Trường Phát, sinh năm 1896 tại An Thái. <span class=\"linebreak\"></span>\r\n<span class=\"linebreak\"></span>\r\nTuy là người Trung Quốc nhưng gia đình Diệp Trường Phát sinh sống ở An Thái đã được mấy đời. Hấp thụ tinh thần thượng võ từ An Thái, 13 tuổi, Diệp Trường Phát được gia đình gửi về Trung Quốc để học võ từ các cao thủ của Thiếu lâm Bắc phái. </p><table class=\"picture\" cellpadding=\"0\" cellspacing=\"0\">\r\n    <tbody>\r\n        <tr>\r\n            <td class=\"pic\"><img alt=\"Cố võ sư Trần Tiến. \" src=\"http://img.v3.news.zdn.vn/w660/Uploaded/xpcwvovb/2014_05_22/vo_su.jpg\"></td>\r\n        </tr>\r\n        <tr>\r\n            <td class=\"pCaption caption\">Cố võ sư Trần Tiến. </td>\r\n        </tr>\r\n    </tbody>\r\n</table><p>\r\nSau 15 năm thụ giáo tại cố hương, 28 tuổi, Diệp Trường Phát trở lại An Thái mở lò dạy quyền Tàu. Đến giờ, dân làng An Thái vẫn truyền tai nhau chuyện thi tài giữa Sáu Tàu và đệ nhất roi Hồ Ngạch. Bởi đó là cuộc thí võ kết bạn nên hai bên đã giao ước không gây thương tích, chỉ dùng mực ghi dấu trên y phục đối phương. <br>\r\n<span class=\"linebreak\"></span>\r\nTrước sự chứng kiến của nhiều môn đồ, hai ông giao kèo lấy một tuần nhang là một hiệp đấu. Sau hiệp đấu quyền, khán giả đếm được những vết mực trên áo hai người là như nhau, tuy thế, Hồ Ngạch vẫn chắp tay bái phục Tàu Sáu, thừa nhận mình kém hơn một bậc. Khán giả hết sức ngạc nhiên. <span class=\"linebreak\"></span>\r\n<span class=\"linebreak\"></span>\r\nKhi ấy, Hồ Ngạch mới giải thích, các vết mực Tàu Sáu lưu trên y phục mình có phần nhạt hơn. Điều đó chứng tỏ rằng, đường quyền thế cước của Tàu Sáu đã ở mức thượng thừa. Bởi vậy nên ông mới có thể vận hành công lực như ý muốn nên đòn ra mới nhẹ nhàng, dấu mực mới nhạt. Nếu cũng những quyền thế ấy, thi triển hết 12 thành công lực thì sức mạnh sẽ rất kinh hoàng, có thể lấy mạng người trong chớp mắt. <span class=\"linebreak\"></span>\r\n<span class=\"linebreak\"></span>\r\nVề côn, tuyệt kỹ của Hồ Ngạch, hai bên cũng quần thảo kinh hồn. Người xem chỉ thấy tiếng gậy va vào nhau chan chát còn bóng người thì lấp lóa, mờ ảo. Sau tuần nhang, Tàu Sáu thấy trên người mình nhiều vết mực hơn. Trước đông đảo mọi người, ông đã chắp tay bái phục: “Đoản côn ở Thuận Truyền chỉ có Hồ Ngạch làm chủ!”.</p></div>', 'http://img.v3.news.zdn.vn/w660/Uploaded/xpcwvovb/2014_05_22/vo_su2.JPG', '2014-05-22', '0');
INSERT INTO `news` VALUES ('21', '1', 'Đây là tiêu đề của bài viết', 'Chỉ mới bước vào đợt nắng nóng đầu hè nhưng hàng nghìn hộ dân ở Hà Nội đã điêu đứng trước tình trạng cấp nước sạch nhỏ giọt hoặc mất nước kéo dài.\r\nNhiều nơi người dân phải bỏ tiền mua nước sạch với giá đắt đỏ, thậm chí tính đến chuyện khoan giếng để sử dụng.\r\n\r\n“Di tản” vì thiếu nước\r\n\r\n“Di tản” là cảnh tượng phổ biến của nhiều hộ dân, nhiều phòng trọ ở khu vực Phùng Khoang thuộc phường Trung Văn (quận Nam Từ Liêm) trong những ngày qua do tình trạng mất nước sạch kéo dài. Hơn một tuần nay, Lê Hoàng Minh sinh viên ĐH Hà Nội và 3 người bạn cùng phòng trọ thường xuyên đi tắm giặt nhờ.\r\n\r\n“Nắng nóng đầu mùa gay gắt thế này mà mất nước thì không chịu nổi. Không có nước, cả phòng đã phải dành dụm, bớt tiền ăn để mua nước sạch về tắm giặt. Nếu tình trạng này kéo dài bọn em phải tính đến việc chuyển nơi khác để thuê”, Minh cho biết.\r\n\r\nTại khu vực Trung Văn, việc mất nước không chỉ ảnh hưởng đến các khu trọ của sinh viên, nhiều hàng quán kinh doanh ăn uống cũng điêu đứng. Chị Hà, chủ hàng cơm sinh viên, ở ngõ 54 đường Trung Văn cho biết, dù nằm ở vị trí đầu nguồn của đường ống nước sạch, nhưng hơn một tuần nay đường ống dẫn nước vào nhà của các hộ dân ở đây chảy yếu dần.', 'http://img.v3.news.zdn.vn/w660/Uploaded/mtfuc/2014_05_22/15a_PYAEjpg.jpg', '2014-05-22', '0');
INSERT INTO `news` VALUES ('22', '3', 'Đây là tiêu đề của bài viết', ' \r\nTRANG CHỦ\r\nXÃ HỘI\r\nTHẾ GIỚI\r\nTHỊ TRƯỜNG\r\nTHỂ THAO\r\nSỐNG TRẺ\r\nPHÁP LUẬT\r\nTIN SÁCH\r\nGIẢI TRÍ\r\nÂM NHẠC\r\nPHIM ẢNH\r\nTHỜI TRANG\r\nCÔNG NGHỆ\r\nXE 360\r\nNHỊP SỐNG\r\nVIDEO\r\nẢNH\r\nTrướcSauTIN MỚI\r\nCamera tự động bắt vi phạm thay CSGT ở Đồng Nai\r\nGIÁO DỤC 12:00 NGÀY 22/05/2014\r\nNụ hôn ngọt ngào của teen Trần Phú ngay tại lễ bế giảng\r\nNụ hôn ngọt ngào cặp đôi đã khiến hàng ngàn học sinh trường THPT Trần Phú Hà Nội vỡ òa. Buổi lễ chia tay mái trường càng trở nên khó phai hơn với các bạn trẻ.\r\nVideoNụ hôn của học sinh Trần Phú tại lễ bế giảng\r\n\r\nNhập mô tả cho ảnh\r\nLong và Quỳnh Anh học lớp 12D1. Cặp đôi ghi lại dấu ấn ngày chia tay mái trường Trần Phú bằng nụ hôn kỉ niệm gần 3 năm mối tình cấp 3 của mình. Cả hai mặc áo đồng phục, nắm tay và dịu dàng hôn nhau.\r\nNhập mô tả cho ảnh\r\nTình yêu của tuổi học trò sẽ là mối tình đẹp và trong sáng nhất.\r\nNhập mô tả cho ảnh\r\nTrước đó, vào 7h30, thầy hiệu trưởng Phạm Đức Danh cùng các cô giáo và các bạn học sinh đại diện khối lớp 12 thả bóng bay như sự gửi gắm ước nguyện lên trời cao.Nụ hôn ngọt ngào của teen Trần Phú ngay tại lễ bế giảng', 'http://img.v3.news.zdn.vn/w660/Uploaded/aobfuas/2014_05_22/tran_phu11_zing.jpg', '2014-05-22', '0');
INSERT INTO `news` VALUES ('23', '3', 'Đây là tiêu đề của bài viết', 'Nhập mô tả cho ảnh\r\nSau cuộc thi Vietnam’s Next Top Model, Trà My gây chú ý vì gương mặt xinh đẹp hơn nhờ phẫu thuật mũi. Nhưng mới đây, chuyện tình cảm của cô cũng gây xôn xao. Chân dài sinh năm 1992 vừa công khai người bạn trai hơn cô 15 tuổi tên là Hoàng Đạo, làm việc trong lĩnh vực truyền thông.  ', 'http://img.v3.news.zdn.vn/w660/Uploaded/wopthuo/2014_05_21/1_7.jpg', '2014-05-22', '0');
INSERT INTO `news` VALUES ('24', '4', 'Đây là tiêu đề của bài viết', 'Đội hình hay nhất châu Âu 2013/14 của BBC gây tranh cãi khi thiếu vắng các ngôi sao như David Alaba, Toni Kroos, Paul Pogba hay Luis Suarez.\r\nThủ môn: Thibaut Courtois (Atletico Madrid)\r\n\r\nMùa trước, Courtois đã đi vào lịch sử La Liga khi trở thành thủ môn trẻ nhất giành Zamora lúc 21 tuổi. Mùa này, tuyển thủ Bỉ tiếp tục thi đấu ấn tượng, giúp Atletico vô địch La Liga, giành vé vào chung kết Champions League và bảo vệ thành công danh hiệu Zamora. Sau 3 mùa giải cống hiến cho Atletico, có thể Courtois sẽ trở lại khoác áo CLB chủ quản Chelsea trong hè này.\r\nMùa trước, Courtois đã đi vào lịch sử La Liga khi trở thành thủ môn trẻ nhất giành Zamora lúc 21 tuổi. Mùa này, tuyển thủ Bỉ tiếp tục thi đấu ấn tượng, giúp Atletico vô địch La Liga, giành vé vào chung kết Champions League và bảo vệ thành công danh hiệu Zamora. Sau 3 mùa giải cống hiến cho Atletico, có thể Courtois sẽ trở lại khoác áo CLB chủ quản Chelsea trong hè này.', 'http://img.v3.news.zdn.vn/w660/Uploaded/SotnTJ/2014_05_21/Thibaut_Courtois.jpg', '2014-05-22', '0');
INSERT INTO `news` VALUES ('26', '4', 'Đây là tiêu đề của bài viết', 'Diễm là người lái xe Lexus cán chết một thanh niên và bỏ chạy về nhà mà không đưa nạn nhân đi cấp cứu.\r\nTAND huyện Hàm Thuận Bắc (Bình Thuận) vừa tuyên phạt Nguyễn Thị Kiều Diễm (28 tuổi, ngụ Ma Lâm, Hàm Thuận Bắc) hai năm tù về tội vi phạm các quy định về điều khiển phương tiện giao thông đường bộ.\r\n\r\nDiễm là người lái xe Lexus cán chết một thanh niên và bỏ chạy về nhà mà không đưa nạn nhân đi cấp cứu trong đêm 8/8/2013 tại Hàm Thuận Bắc.\r\n\r\nTheo cáo trạng, hôm đó Diễm mượn xe Lexus của người quen ở Tân Lập, Hàm Thuận Nam rồi lái về nhà. Đến xã Hàm Chính (Hàm Thuận Bắc), do chạy nhanh, Diễm đã tông vào xe máy chạy cùng chiều khiến anh Đinh Hữu Biên (30 tuổi) thiệt mạng.\r\n\r\nSau khi gây tai nạn, Diễm dừng xe nhìn nạn nhân rồi tiếp tục nhấn ga bỏ chạy về nhà cất xe mà không đưa nạn nhân đi cấp cứu hoặc trình báo. Sáng hôm sau, khi nghe nạn nhân đã chết, Diễm mới đến cơ quan công an đầu thú', 'http://img.v3.news.zdn.vn/w660/Uploaded/mfssa/2014_05_22/dg3.jpg', '2014-05-22', '0');
INSERT INTO `news` VALUES ('27', '4', 'Đây là tiêu đề của bài viết', 'Lực lượng chức năng phát hiện hàng nghìn sản phẩm đồ chơi tình dục bất hợp pháp loại dành cho cả khách hàng nam và nữ.\r\nTrưa 21/5, Phòng cảnh sát Phòng chống tội phạm về công nghệ cao (Công an Hà Nội) phối hợp với Đội 13 quản lý thị trường Hà Nội kiểm tra hoạt động kinh doanh tại một công ty ở phố Nguyễn Ngọc Vũ (phường Trung Hòa, quận Cầu Giấy).\r\n\r\nMột trong số các sản phẩm lực lượng chức năng phát hiện, thu giữ. Ảnh: Việt Đức.\r\nMột trong số các sản phẩm lực lượng chức năng phát hiện, thu giữ. Ảnh: Việt Đức.\r\nTại thời điểm kiểm tra, cơ quan chức năng phát hiện, thu giữ trong kho hàng gần 1.000 sản phẩm đồ chơi tình dục bất hợp pháp dành cho cả nam và nữ. \r\n\r\nTheo trình bày của đại diện doanh nghiệp, các sản phẩm này có nguồn gốc từ nước ngoài.\r\n\r\nMột cán bộ tham gia kiểm tra cho biết, 3 tháng trước đó, họ phát hiện một trang mạng xã hội cùng 2 trang web \"shoptraic...\", \"shopmoih...\" của công ty này kinh doanh đồ chơi người lớn bất hợp pháp. Khách hàng có nhu cầu sẽ liên hệ và được các nhân viên của công ty mang hàng tới tận nơi.', 'http://img.v3.news.zdn.vn/w660/Uploaded/fsmqv/2014_05_21/cogai.jpg', '2014-05-22', '0');
INSERT INTO `news` VALUES ('28', '5', 'Đây là tiêu đề của bài viết', ' Đại gia chơi siêu xe, xe sang theo cặp ở Hà NộiĐại gia chơi siêu xe, xe sang theo cặp ở Hà NộiĐại gia chơi siêu xe, xe sang theo cặp ở Hà NộiĐại gia chơi siêu xe, xe sang theo cặp ở Hà NộiĐại gia chơi siêu xe, xe sang theo cặp ở Hà Nội', 'http://img.v3.news.zdn.vn/w660/Uploaded/mfssa/2014_05_22/dg3.jpg', '2014-05-23', '0');
INSERT INTO `news` VALUES ('29', '5', 'Đây là tiêu đề của bài viết', 'Nữ phóng viên thể thao Sara Carbonero - bạn gái của thủ thành Iker Casillas (Real) luôn nằm trong danh sách những nàng WAGs gợi cảm và thông minh. Vừa mới sinh con chưa được bao lâu nhưng Sara đã sớm lấy lại được vóc dáng nuột nà thời son rỗi.\r\nHậu vệ\r\n\r\nNhập mô tả cho ảnh\r\nPilar Rubio - bồ già của Ramos (Real) là mỹ nhân được khao khát nhất tại Tây Ban Nha. \r\nNhập mô tả cho ảnh\r\nBà xã Carlota Ruiz của hậu vệ 28 tuổi Alvaro Arbeloa ngày càng nổi bật trong giới WAGs bởi vẻ đẹp dịu dàng, lộng lẫy, kiêu sa.', 'http://img.v3.news.zdn.vn/w660/Uploaded/sotntn/2014_05_22/wag01.jpg', '2014-05-23', '1');
INSERT INTO `news` VALUES ('30', '5', 'Đây là tiêu đề của bài viết', ' \r\nTRANG CHỦ\r\nXÃ HỘI\r\nTHẾ GIỚI\r\nTHỊ TRƯỜNG\r\nTHỂ THAO\r\nSỐNG TRẺ\r\nPHÁP LUẬT\r\nTIN SÁCH\r\nGIẢI TRÍ\r\nÂM NHẠC\r\nPHIM ẢNH\r\nTHỜI TRANG\r\nCÔNG NGHỆ\r\nXE 360\r\nNHỊP SỐNG\r\nVIDEO\r\nẢNH\r\nTrướcSauTIN MỚI\r\nSamsung Galaxy Tab S có giá từ 12,9 triệu đồng tại châu Âu\r\nHẬU TRƯỜNG 15:47 NGÀY 22/05/2014\r\nBồ Ronaldo sáng kín bưng, chiều hở bạo\r\nXuất hiện trên thảm đỏ LHP Cannes, Irina kín đáo trong thiết kế mang hơi hướng Ả-Rập. Nhưng tới bữa tiệc tối, chân dài của Ronaldo lại gây sốc với bộ cánh \"mặc mà như không\".\r\nNhập mô tả cho ảnh\r\nChiều 21/5, siêu mẫu Irina Shayk, bạn gái của Cristiano Ronaldo xuất hiện trên thảm đỏ buổi công chiếu bộ phim \"The Search\" nằm trong khuôn khổ Liên hoan phim Cannes tại thành phố biển miền nam nước Pháp.\r\nNhập mô tả cho ảnh\r\nNgay khi vừa xuất hiện, Irina nhanh chóng thu hút mọi ống kính phóng viên bởi bộ đầm ấn tượng nằm trong bộ sưu tập mới của Versace.\r\nNhập mô tả cho ảnh\r\nBộ đầm vàng chanh mang phong cách của phụ nữ Ả-Rập vừa kín đáo, hiện đại nhưng không kém phần gợi cảm.\r\nNhập mô tả cho ảnh\r\nDù vẫn khoe trọn đôi chân thon dài bắt mắt nhưng đây được xem là một trong số những bộ cánh kín đáo hiếm thấy của bạn gái ngôi sao Bồ Đào Nha Irina Shayk.\r\nNhập mô tả cho ảnh\r\nBan ngày thì kín đáo là vậy, nhưng trong buổi tiệc đêm trên du thuyền của nhà thiết kế danh tiếng người Italia Roberto Cavalli, Irina lại khoe da thịt một cách triệt để. Chân dài xứ Bạch Dương phô diễn mọi đường cong nóng bỏng trên cơ thể cùng bộ đầm xuyên thấu \"mặc mà như không\".\r\nNhập mô tả cho ảnh\r\nChân dài của Ronaldo say sưa cười nói trong vòng tay nhà thiết kế Roberto Cavalli.\r\nNhập mô tả cho ảnhPhóng to\r\nKhông rõ, những hình ảnh này có khiến Ronaldo phải nóng mắt và mất tập trung trước khi bước vào vòng đại chiến với Aletico giành chức vô địch Champion League sắp tới hay không?\r\nLam Anh\r\nẢnh: Multimedia\r\n8 Thích bài viết2 Chia sẻ\r\nTừ khóa Ronaldo Irrina Shayk WAGs\r\nĐÁNH GIÁ BÀI VIẾT\r\n\r\nRất tốt! Thông tin nhanh, nội dung trung thực và khách quan.\r\nBình thường: Thông tin hữu ích, nội dung không lỗi.\r\nKém: Nội dung không có giá trị, nhiều lỗi\r\n \r\nBÌNH LUẬN\r\nHUY DZO (THOÁT)\r\n\r\ntối thiểu 10 chữ tiếng Việt có dấu không chứa liên kết\r\n\r\nGửi bình luậnCHIA SẺ FACEBOOKXẾP THEO: HAY NHẤT MỚI NHẤT\r\nTUẤN TƯNG TỬNG\r\nNóng mắt là tắt nụ cười. Dự là a rô cho bác này vài cước phong thần thoái :)\r\n12 THÍCH\r\nBẠN CÓ THỂ QUAN TÂM\r\nRonaldo phấn khích vì được trở lại Lisbon\r\nMessi, Neymar góp mặt trong MV chào World Cup của bồ Pique\r\nĐội hình siêu WAGs nóng bỏng ở đại chiến Real - Atletico\r\nLỡ hẹn World Cup, John Terry tìm niềm vui bên cá heo\r\nTHẾ GIỚI\r\nMỹ ủng hộ Việt Nam hành động pháp lý với Trung Quốc\r\n\'TQ buộc Mỹ lựa chọn bỏ rơi bạn bè hay đối đầu Bắc Kinh\'\r\nNgười biểu tình Thái ăn mừng, khăn gói về quê\r\nNhật Bản cung cấp tàu cho Việt Nam đối phó Trung Quốc\r\nTư lệnh Thái Lan triệu tập cựu thủ tướng Yingluck\r\nCÔNG NGHỆ\r\n5 smartphone giá 4 triệu cạnh tranh với BlackBerry Z3 tại VN\r\nSamsung Galaxy Tab S có giá từ 12,9 triệu đồng tại châu Âu\r\nKhung của Xperia Z2 khác Z1, làm bằng nhựa ốp nhôm\r\nKhoảng khắc cuộc sống ghi lại từ 50 chiếc Lumia 1020\r\nLộ ảnh mô hình iPhone 6 chính xác tại Romania\r\nXE 360\r\nĐại gia chơi siêu xe, xe sang theo cặp ở Hà Nội\r\nChi tiết Toyota Fortuner 2014 màu trắng tuyết giá hơn 1 tỷ\r\nDucati Monster 750 độ bắt mắt của nữ biker Ba Lan\r\nCặp đôi trên xe mô tô gặp nạn do đâm dải phân cách\r\nXe trộn xi-măng đánh võng, tránh tai nạn ngoạn mục\r\n\r\n\r\nTHĂM DÒ Ý KIẾN\r\nBạn thích nhất nàng WAGs nào của bóng đá Việt?\r\n\r\n DJ Myno (bạn gái trung vệ Van Bakel)\r\n Thủy Tiên (vợ chưa cưới của tiền đạo Lê Công Vinh)\r\n Phạm Thảo Trang (Vợ tiền đạo Phan Thanh Bình)\r\n Một WAGs khác\r\nXEM KẾT QUẢ\r\nĐỌC NHIỀU NHẤT\r\n\r\n1\r\nNhững hổ phụ sinh hổ tử trong làng bóng đá thế giới\r\n18:43 ngày 22/05/2014\r\n2\r\nĐường đến Lisbon của \'kẻ hủy diệt\' Real Madrid\r\n16:01 ngày 22/05/2014\r\n3\r\nVụ cầu thủ Indonesia chết: Thủ môn khóc xin lỗi\r\n17:46 ngày 22/05/2014\r\n4\r\n\'Việt Nam không thể đến World Cup với cái bụng đói\'\r\n09:39 ngày 22/05/2014\r\n5\r\nBồ Ronaldo sáng kín bưng, chiều hở bạo\r\n15:47 ngày 22/05/2014\r\nTHÔNG TIN DOANH NGHIỆP\r\n\r\nSuper Slim hiện thực giấc mơ rẻ - bền - đẹp\r\nDanh sách độc giả nhận áo thun Paul Walker\r\nPhi Thanh Vân khai trương spa tắm trắng tại quận 10, TP.HCM\r\nDu học Mỹ chi phí hợp lý tại Đại học James Madison\r\nWel Yo Kidz gold - dinh dưỡng vàng cho thế hệ vàng\r\n \r\nTRANG CHỦ\r\nXÃ HỘI\r\nTHẾ GIỚI\r\nTHỊ TRƯỜNG\r\nTHỂ THAO\r\nSỐNG TRẺ\r\nPHÁP LUẬT\r\nTIN SÁCH\r\nGIẢI TRÍ\r\nÂM NHẠC\r\nPHIM ẢNH\r\nTHỜI TRANG\r\nCÔNG NGHỆ\r\nXE 360\r\nNHỊP SỐNG\r\nVIDEO\r\nẢNH\r\nTrướcSauTIN MỚI\r\nSamsung Galaxy Tab S có giá từ 12,9 triệu đồng tại châu Âu\r\nHẬU TRƯỜNG 15:47 NGÀY 22/05/2014\r\nBồ Ronaldo sáng kín bưng, chiều hở bạo\r\nXuất hiện trên thảm đỏ LHP Cannes, Irina kín đáo trong thiết kế mang hơi hướng Ả-Rập. Nhưng tới bữa tiệc tối, chân dài của Ronaldo lại gây sốc với bộ cánh \"mặc mà như không\".\r\nNhập mô tả cho ảnh\r\nChiều 21/5, siêu mẫu Irina Shayk, bạn gái của Cristiano Ronaldo xuất hiện trên thảm đỏ buổi công chiếu bộ phim \"The Search\" nằm trong khuôn khổ Liên hoan phim Cannes tại thành phố biển miền nam nước Pháp.\r\nNhập mô tả cho ảnh\r\nNgay khi vừa xuất hiện, Irina nhanh chóng thu hút mọi ống kính phóng viên bởi bộ đầm ấn tượng nằm trong bộ sưu tập mới của Versace.\r\nNhập mô tả cho ảnh\r\nBộ đầm vàng chanh mang phong cách của phụ nữ Ả-Rập vừa kín đáo, hiện đại nhưng không kém phần gợi cảm.\r\nNhập mô tả cho ảnh\r\nDù vẫn khoe trọn đôi chân thon dài bắt mắt nhưng đây được xem là một trong số những bộ cánh kín đáo hiếm thấy của bạn gái ngôi sao Bồ Đào Nha Irina Shayk.\r\nNhập mô tả cho ảnh\r\nBan ngày thì kín đáo là vậy, nhưng trong buổi tiệc đêm trên du thuyền của nhà thiết kế danh tiếng người Italia Roberto Cavalli, Irina lại khoe da thịt một cách triệt để. Chân dài xứ Bạch Dương phô diễn mọi đường cong nóng bỏng trên cơ thể cùng bộ đầm xuyên thấu \"mặc mà như không\".\r\nNhập mô tả cho ảnh\r\nChân dài của Ronaldo say sưa cười nói trong vòng tay nhà thiết kế Roberto Cavalli.\r\nNhập mô tả cho ảnhPhóng to\r\nKhông rõ, những hình ảnh này có khiến Ronaldo phải nóng mắt và mất tập trung trước khi bước vào vòng đại chiến với Aletico giành chức vô địch Champion League sắp tới hay không?\r\nLam Anh\r\nẢnh: Multimedia\r\n8 Thích bài viết2 Chia sẻ\r\nTừ khóa Ronaldo Irrina Shayk WAGs\r\nĐÁNH GIÁ BÀI VIẾT\r\n\r\nRất tốt! Thông tin nhanh, nội dung trung thực và khách quan.\r\nBình thường: Thông tin hữu ích, nội dung không lỗi.\r\nKém: Nội dung không có giá trị, nhiều lỗi\r\n \r\nBÌNH LUẬN\r\nHUY DZO (THOÁT)\r\n\r\ntối thiểu 10 chữ tiếng Việt có dấu không chứa liên kết\r\n\r\nGửi bình luậnCHIA SẺ FACEBOOKXẾP THEO: HAY NHẤT MỚI NHẤT\r\nTUẤN TƯNG TỬNG\r\nNóng mắt là tắt nụ cười. Dự là a rô cho bác này vài cước phong thần thoái :)\r\n12 THÍCH\r\nBẠN CÓ THỂ QUAN TÂM\r\nRonaldo phấn khích vì được trở lại Lisbon\r\nMessi, Neymar góp mặt trong MV chào World Cup của bồ Pique\r\nĐội hình siêu WAGs nóng bỏng ở đại chiến Real - Atletico\r\nLỡ hẹn World Cup, John Terry tìm niềm vui bên cá heo\r\nTHẾ GIỚI\r\nMỹ ủng hộ Việt Nam hành động pháp lý với Trung Quốc\r\n\'TQ buộc Mỹ lựa chọn bỏ rơi bạn bè hay đối đầu Bắc Kinh\'\r\nNgười biểu tình Thái ăn mừng, khăn gói về quê\r\nNhật Bản cung cấp tàu cho Việt Nam đối phó Trung Quốc\r\nTư lệnh Thái Lan triệu tập cựu thủ tướng Yingluck\r\nCÔNG NGHỆ\r\n5 smartphone giá 4 triệu cạnh tranh với BlackBerry Z3 tại VN\r\nSamsung Galaxy Tab S có giá từ 12,9 triệu đồng tại châu Âu\r\nKhung của Xperia Z2 khác Z1, làm bằng nhựa ốp nhôm\r\nKhoảng khắc cuộc sống ghi lại từ 50 chiếc Lumia 1020\r\nLộ ảnh mô hình iPhone 6 chính xác tại Romania\r\nXE 360\r\nĐại gia chơi siêu xe, xe sang theo cặp ở Hà Nội\r\nChi tiết Toyota Fortuner 2014 màu trắng tuyết giá hơn 1 tỷ\r\nDucati Monster 750 độ bắt mắt của nữ biker Ba Lan\r\nCặp đôi trên xe mô tô gặp nạn do đâm dải phân cách\r\nXe trộn xi-măng đánh võng, tránh tai nạn ngoạn mục\r\n\r\n\r\nTHĂM DÒ Ý KIẾN\r\nBạn thích nhất nàng WAGs nào của bóng đá Việt?\r\n\r\n DJ Myno (bạn gái trung vệ Van Bakel)\r\n Thủy Tiên (vợ chưa cưới của tiền đạo Lê Công Vinh)\r\n Phạm Thảo Trang (Vợ tiền đạo Phan Thanh Bình)\r\n Một WAGs khác\r\nXEM KẾT QUẢ\r\nĐỌC NHIỀU NHẤT\r\n\r\n1\r\nNhững hổ phụ sinh hổ tử trong làng bóng đá thế giới\r\n18:43 ngày 22/05/2014\r\n2\r\nĐường đến Lisbon của \'kẻ hủy diệt\' Real Madrid\r\n16:01 ngày 22/05/2014\r\n3\r\nVụ cầu thủ Indonesia chết: Thủ môn khóc xin lỗi\r\n17:46 ngày 22/05/2014\r\n4\r\n\'Việt Nam không thể đến World Cup với cái bụng đói\'\r\n09:39 ngày 22/05/2014\r\n5\r\nBồ Ronaldo sáng kín bưng, chiều hở bạo\r\n15:47 ngày 22/05/2014\r\nTHÔNG TIN DOANH NGHIỆP\r\n\r\nSuper Slim hiện thực giấc mơ rẻ - bền - đẹp\r\nDanh sách độc giả nhận áo thun Paul Walker\r\nPhi Thanh Vân khai trương spa tắm trắng tại quận 10, TP.HCM\r\nDu học Mỹ chi phí hợp lý tại Đại học James Madison\r\nWel Yo Kidz gold - dinh dưỡng vàng cho thế hệ vàng\r\n \r\nTRANG CHỦ\r\nXÃ HỘI\r\nTHẾ GIỚI\r\nTHỊ TRƯỜNG\r\nTHỂ THAO\r\nSỐNG TRẺ\r\nPHÁP LUẬT\r\nTIN SÁCH\r\nGIẢI TRÍ\r\nÂM NHẠC\r\nPHIM ẢNH\r\nTHỜI TRANG\r\nCÔNG NGHỆ\r\nXE 360\r\nNHỊP SỐNG\r\nVIDEO\r\nẢNH\r\nTrướcSauTIN MỚI\r\nSamsung Galaxy Tab S có giá từ 12,9 triệu đồng tại châu Âu\r\nHẬU TRƯỜNG 15:47 NGÀY 22/05/2014\r\nBồ Ronaldo sáng kín bưng, chiều hở bạo\r\nXuất hiện trên thảm đỏ LHP Cannes, Irina kín đáo trong thiết kế mang hơi hướng Ả-Rập. Nhưng tới bữa tiệc tối, chân dài của Ronaldo lại gây sốc với bộ cánh \"mặc mà như không\".\r\nNhập mô tả cho ảnh\r\nChiều 21/5, siêu mẫu Irina Shayk, bạn gái của Cristiano Ronaldo xuất hiện trên thảm đỏ buổi công chiếu bộ phim \"The Search\" nằm trong khuôn khổ Liên hoan phim Cannes tại thành phố biển miền nam nước Pháp.\r\nNhập mô tả cho ảnh\r\nNgay khi vừa xuất hiện, Irina nhanh chóng thu hút mọi ống kính phóng viên bởi bộ đầm ấn tượng nằm trong bộ sưu tập mới của Versace.\r\nNhập mô tả cho ảnh\r\nBộ đầm vàng chanh mang phong cách của phụ nữ Ả-Rập vừa kín đáo, hiện đại nhưng không kém phần gợi cảm.\r\nNhập mô tả cho ảnh\r\nDù vẫn khoe trọn đôi chân thon dài bắt mắt nhưng đây được xem là một trong số những bộ cánh kín đáo hiếm thấy của bạn gái ngôi sao Bồ Đào Nha Irina Shayk.\r\nNhập mô tả cho ảnh\r\nBan ngày thì kín đáo là vậy, nhưng trong buổi tiệc đêm trên du thuyền của nhà thiết kế danh tiếng người Italia Roberto Cavalli, Irina lại khoe da thịt một cách triệt để. Chân dài xứ Bạch Dương phô diễn mọi đường cong nóng bỏng trên cơ thể cùng bộ đầm xuyên thấu \"mặc mà như không\".\r\nNhập mô tả cho ảnh\r\nChân dài của Ronaldo say sưa cười nói trong vòng tay nhà thiết kế Roberto Cavalli.\r\nNhập mô tả cho ảnhPhóng to\r\nKhông rõ, những hình ảnh này có khiến Ronaldo phải nóng mắt và mất tập trung trước khi bước vào vòng đại chiến với Aletico giành chức vô địch Champion League sắp tới hay không?\r\nLam Anh\r\nẢnh: Multimedia\r\n8 Thích bài viết2 Chia sẻ\r\nTừ khóa Ronaldo Irrina Shayk WAGs\r\nĐÁNH GIÁ BÀI VIẾT\r\n\r\nRất tốt! Thông tin nhanh, nội dung trung thực và khách quan.\r\nBình thường: Thông tin hữu ích, nội dung không lỗi.\r\nKém: Nội dung không có giá trị, nhiều lỗi\r\n \r\nBÌNH LUẬN\r\nHUY DZO (THOÁT)\r\n\r\ntối thiểu 10 chữ tiếng Việt có dấu không chứa liên kết\r\n\r\nGửi bình luậnCHIA SẺ FACEBOOKXẾP THEO: HAY NHẤT MỚI NHẤT\r\nTUẤN TƯNG TỬNG\r\nNóng mắt là tắt nụ cười. Dự là a rô cho bác này vài cước phong thần thoái :)\r\n12 THÍCH\r\nBẠN CÓ THỂ QUAN TÂM\r\nRonaldo phấn khích vì được trở lại Lisbon\r\nMessi, Neymar góp mặt trong MV chào World Cup của bồ Pique\r\nĐội hình siêu WAGs nóng bỏng ở đại chiến Real - Atletico\r\nLỡ hẹn World Cup, John Terry tìm niềm vui bên cá heo\r\nTHẾ GIỚI\r\nMỹ ủng hộ Việt Nam hành động pháp lý với Trung Quốc\r\n\'TQ buộc Mỹ lựa chọn bỏ rơi bạn bè hay đối đầu Bắc Kinh\'\r\nNgười biểu tình Thái ăn mừng, khăn gói về quê\r\nNhật Bản cung cấp tàu cho Việt Nam đối phó Trung Quốc\r\nTư lệnh Thái Lan triệu tập cựu thủ tướng Yingluck\r\nCÔNG NGHỆ\r\n5 smartphone giá 4 triệu cạnh tranh với BlackBerry Z3 tại VN\r\nSamsung Galaxy Tab S có giá từ 12,9 triệu đồng tại châu Âu\r\nKhung của Xperia Z2 khác Z1, làm bằng nhựa ốp nhôm\r\nKhoảng khắc cuộc sống ghi lại từ 50 chiếc Lumia 1020\r\nLộ ảnh mô hình iPhone 6 chính xác tại Romania\r\nXE 360\r\nĐại gia chơi siêu xe, xe sang theo cặp ở Hà Nội\r\nChi tiết Toyota Fortuner 2014 màu trắng tuyết giá hơn 1 tỷ\r\nDucati Monster 750 độ bắt mắt của nữ biker Ba Lan\r\nCặp đôi trên xe mô tô gặp nạn do đâm dải phân cách\r\nXe trộn xi-măng đánh võng, tránh tai nạn ngoạn mục\r\n\r\n\r\nTHĂM DÒ Ý KIẾN\r\nBạn thích nhất nàng WAGs nào của bóng đá Việt?\r\n\r\n DJ Myno (bạn gái trung vệ Van Bakel)\r\n Thủy Tiên (vợ chưa cưới của tiền đạo Lê Công Vinh)\r\n Phạm Thảo Trang (Vợ tiền đạo Phan Thanh Bình)\r\n Một WAGs khác\r\nXEM KẾT QUẢ\r\nĐỌC NHIỀU NHẤT\r\n\r\n1\r\nNhững hổ phụ sinh hổ tử trong làng bóng đá thế giới\r\n18:43 ngày 22/05/2014\r\n2\r\nĐường đến Lisbon của \'kẻ hủy diệt\' Real Madrid\r\n16:01 ngày 22/05/2014\r\n3\r\nVụ cầu thủ Indonesia chết: Thủ môn khóc xin lỗi\r\n17:46 ngày 22/05/2014\r\n4\r\n\'Việt Nam không thể đến World Cup với cái bụng đói\'\r\n09:39 ngày 22/05/2014\r\n5\r\nBồ Ronaldo sáng kín bưng, chiều hở bạo\r\n15:47 ngày 22/05/2014\r\nTHÔNG TIN DOANH NGHIỆP\r\n\r\nSuper Slim hiện thực giấc mơ rẻ - bền - đẹp\r\nDanh sách độc giả nhận áo thun Paul Walker\r\nPhi Thanh Vân khai trương spa tắm trắng tại quận 10, TP.HCM\r\nDu học Mỹ chi phí hợp lý tại Đại học James Madison\r\nWel Yo Kidz gold - dinh dưỡng vàng cho thế hệ vàng', 'http://img.v3.news.zdn.vn/w660/Uploaded/sotntn/2014_05_22/iri1.jpg', '2014-05-23', '0');
INSERT INTO `news` VALUES ('31', '5', 'Đây là tiêu đề của bài viết', 'Khi cô khoác lên mình bộ bikini gợi cảm, hiếm ai có thể rời mắt. Đó cũng chính là lý do Mai Phương Thúy có khá nhiều bộ ảnh chụp bikini nóng bỏng, cuốn hút từ khi mới khởi nghiệp đến giờ.', 'http://img.v3.news.zdn.vn/w660/Uploaded/nutmjz/2014_05_23/5.jpg', '2014-05-23', '2');
INSERT INTO `news` VALUES ('32', '5', 'Đây là tiêu đề của bài viết', 'Đàn ông nào cũng say mê người đẹp và trên hết là vẻ đẹp của một người phụ nữ biết làm đẹp cho bản thân bằng cách ăn mặc thanh lịch đồng thời cũng phải hợp với xu hướng.\r\nNgười ta thường nói \"đàn ông yêu bằng mắt\" như để ám chỉ rằng đối với đàn ông ngoại hình, vẻ đẹp và cả phong cách ăn mặc của người phụ nữ có một tác động không nhỏ đến trái tim của họ. Đàn ông nào cũng say mê người đẹp và trên hết là vẻ đẹp của một người phụ nữ biết làm đẹp bằng cách ăn mặc thanh lịch, trang nhã, đẹp mắt đồng thời hợp với xu hướng.\r\n\r\nTuy nhiên, ăn mặc hợp xu hướng không có nghĩa là chạy theo trào lưu một cách mù quáng mà đánh mất đi thuần phong mỹ tục, cũng như những nguyên tắc vốn có của thời trang. Ngày nay, cùng với sự bùng nổ của trào lưu sexy, ăn mặc mát mẻ thì không ít chị em tự hạ thấp giá trị bởi gu ăn mặc thiếu tinh tế, khiến họ dù chưa cần tiếp xúc với người khác giới nhưng cũng đã mất điểm trầm trọng.', 'http://img.v3.news.zdn.vn/w660/Uploaded/ycgmvvbt/2014_05_23/thoitrangloi2.jpg', '2014-05-23', '0');
INSERT INTO `news` VALUES ('33', '6', 'Đây là tiêu đề của bài viết', 'Lễ hội đấu bò trứ danh ở Madrid đã trở thành một thảm họa thật sự.\r\n\r\n“Đấu bò không phải là một môn thể thao, chưa bao giờ là như thế. Nó là một thảm kịch… Thảm kịch là cái chết của con bò”, đại văn hào Ernest Hemingway đã từng viết như vậy sau khi chứng kiến một vụ đấu bò ở Tây Ban Nha, nhưng hôm nay mọi thứ đã khác, loài bò đã trỗi dậy và chống lại cái chết của mình. \r\n\r\nThông thường, các đấu sĩ sẽ đi xung quanh một con bò đực, thực hiện các động tác với mục đích tỏ ra lịch lãm và tự tin, cuối màn biểu diễn họ sẽ đâm một nhát vào tim để giết chết nó. Thế nhưng vào thứ ba vừa rồi, trong lễ hội đấu bò diễn ra tại quảng trường Las Ventas ở thành phố Madrid, những con bò đã khiến các đấu sĩ chết khiếp khi lần lượt hạ gục từng người một', 'http://kenh14.vcmedia.vn/thumb_w/600/QuickNewsK14/2126236/2014/05/img_20140522155439706.jpg', '2014-05-14', '1');
INSERT INTO `news` VALUES ('34', '6', 'Đây là tiêu đề của bài viết', 'Cách đường ống dẫn nước sạch Sông Đà chỉ chưa đến 1km nhưng suốt 5 năm qua, người dân thôn Ngọc Than, xã Ngọc Mỹ (Quốc Oai, Hà Nội) phải bơm nước ao tù để sinh hoạt.\r\n\r\nHàng ngày, họ phải bơm nước ao tù trước đình Ngọc Than về bể lọc thủ công để phục vụ các nhu cầu sinh hoạt bình thường. Để bơm được thứ nước ao tù về nhà, mỗi hộ gia đình phải đầu tư không ít tiền bạc và công sức thay vì được sử dụng thứ nước sạch như ở nội thành. \r\n\r\nDọc bờ ao quanh làng, hệ thống ụ nổi, máy bơm và ống dẫn nước chằng chịt như mạng nhện. Bờ tường bao, cột điện và cây cối là những tụ điểm của hệ thống dây điện và ống dẫn nước về nhà dân. \r\n\r\nChị Vũ Ngọc Quỳnh (43 tuổi), người dân tại địa phương bức xúc: “Toàn bộ người dân làng Ngọc Than chúng tôi phải dùng nước ao tù sinh hoạt suốt nhiều năm nay. Dù nắng nóng hay hạn hán đều phải dùng thứ nước này mà đâu được thoải mái hay tiết kiệm gì. Mỗi hộ phải bỏ ra tiền triệu để góp xây giếng dưới ao để xí chỗ đặt máy bơm và phải đầu tư hệ thống ống dẫn nước, dây điện, kèm theo là bể lọc, bể đựng nước mưa...”.\r\n\r\nTheo lời chị Quỳnh, bể nước mưa hộ nào cũng phải xây. Đây là nguồn nước sạch từ trên trời xuống, không phải mua và dự trữ vào mùa khô. Vì thế hộ nào cũng đầu tư xây bể lớn dung tích hàng chục khối để trữ nước nấu ăn. Còn sinh hoạt như tắm giặt, vệ sinh và làm các việc khác thì phải căng dây, lắp máy bơm từ ao về. \r\n\r\nNước từ ao về lọc qua 3 lần. Lần đầu từ giếng ngoài ao. Giếng được xây gần bờ, thiết kế nhiều lỗ nhỏ để nước từ ao vào nhưng hạn chế rác, cặn và bùn. Khi bơm về phải qua bể lọc thủ công bằng cát và than củi. \r\n\r\nNhà nào có điều kiện sẽ lắp thêm một bộ máy lọc nước nữa mới có thể dùng làm nước ăn. Theo giá thị trường, bộ máy lọc nước ô-zôn hay lọc nước điện phân giá khá đắt, không phải hộ nào cũng có điều kiện để mua. Trong khi phải bỏ số tiền lớn để đầu tư thiết bị nhưng hàng trăm hộ dân vẫn khổ sở vì phải dùng thứ nước ao tù không đảm bảo vệ sinh. \r\n\r\nÔng Hồ Văn Nam (56 tuổi) chia sẻ: “Bể nước làm thủ công, phía dưới chỉ có cát và than củi chỉ lọc dược cặn, động thực vật phù du và những thứ nhìn bằng mắt thường. Còn tạp chất như chì, sắt hay chất hóa học không thể lọc nổi. Ai cũng bất an nhưng không còn cách nào khác. Dân nghèo chúng tôi không có điều kiện mua bình lọc ô-zôn để phục vụ ăn uống hàng ngày. Chính vì thế mà từ ngày đó, xuất hiện nhiều dịch bệnh, nhất là các bệnh về da, đối tượng chủ yếu là các cháu nhỏ vì da mỏng và dễ dị ứng với nước bẩn\". \r\n\r\nAnh Nguyễn Bá Hưng, trưởng thôn Ngọc Than cho biết, sở dĩ người dân phải dùng nước ao là vì ở đây nguồn nước rất khan hiếm, có khi đào khoan cả vài chục mét, nước cũng không dùng được, nhiều đường ống nước còn bị tắc. Cả thôn có gần 1.000 hộ dân, khoảng gần 5.000 nhân khẩu. Bình quân mỗi hộ đều có 4-5 người, nhu cầu nước sinh hoạt rất lớn. Hiện nay, cả thôn chỉ có 2 hộ gia đình được sử dụng nước lọc qua thiết bị lọc nước do một công ty về năng lượng và môi trường hỗ trợ. Tuy nhiên, còn hàng trăm hộ khác vẫn hàng ngày vẫn phải bơm, gánh nước về sử dụng, rủi ro về sức khỏe rất lớn', 'http://k14.vcmedia.vn/k:thumb_w/600/TUcCKsDLlXNsjUG7RZV5C4G4GPDR4i/Image/2014/05/3-7ce02/ha-noi-ca-lang-bom-nuoc-ao-tu-de-dung-lam-nuoc-sinh-hoat-hang-ngay.JPG', '2014-05-23', '0');
INSERT INTO `news` VALUES ('35', '6', 'Đây là tiêu đề của bài viết', '\r\n\r\nNhiều người phải xách xô, chậu,… đi để xin nước từ những nơi khác về dùng.\r\n\r\n\r\nKhông có nước sinh hoạt, nhiều người phải mua 30 nghìn đồng/bình nước 20 lít về để tắm. Anh Trần Mạnh Hùng (Siêu thị Tosy, Khu đô thị Xa La, Hà Đông, Hà Nội) cho biết: “Ngày bình thường chúng tôi chỉ bán được khoảng 3-4 bình nước 20 lít/ ngày. Nhưng 5 hôm nay, hôm nào chúng tôi cũng bán được từ 50-60 bình.”\r\n\r\n\r\nÔng Nguyễn Văn Nghiệp (Hà Đông, Hà Nội) cho biết mỗi ngày chỉ có nước khoảng 30 phút. Nhưng nước chảy nhỏ giọt, rất yếu. Gia đình phải “canh giờ” để hứng nước.\r\n\r\n\r\n\r\n\r\nTất cả xô, chậu,… đều được huy động để đựng nước.', 'http://k14.vcmedia.vn/TUcCKsDLlXNsjUG7RZV5C4G4GPDR4i/Image/2014/05/unnamed-(1)-24a8f.jpg', '2014-05-23', '0');
INSERT INTO `news` VALUES ('36', '6', 'Đây là tiêu đề của bài viết', 'Thời gian qua, Thúy Loan – chị gái hot girl Huyền Baby rất được chú ý bởi nhan sắc trẻ trung và xinh đẹp không thua gì em gái mình.\r\n\r\nThời gian qua, hot girl Huyền Baby bất ngờ đăng tải một vài hình ảnh chụp chung với chị gái mình lên trang cá nhân và ngay lập tức, những hình ảnh đó đã được cư dân mạng và một số trang tin chú ý. Bởi lẽ cũng giống như cô em của mình, chị gái hot girl Huyền Baby sở hữu nhan sắc trẻ trung, mặn mà không tì vết. Nhiều người còn nhận xét điểm chung của 2 chị em là gương mặt “không tuổi”, gu ăn mặc sành điệu và phong thái toát lên vẻ quý phái. Cũng vì lẽ đó mà cái tên Thúy Loan – tên thật của chị gái hot girl Huyền Baby trở thành cái tên được “săn lùng” thời gian qua.', 'http://k14.vcmedia.vn/G1Jv1ccccccccccccsoL5ly9WD81F5/Image/2014/05/10277395_10202637459630419_8878144370126211114_n-6c80c.jpg', '2014-05-23', '2');
INSERT INTO `news` VALUES ('39', '3', 'Đây là tiêu đề của bài viết', 'sollicitudin a,', 'http://img.v3.news.zdn.vn/w660/Uploaded/Nphunow/2014_05_23/411.jpg', '2014-05-24', '12');
INSERT INTO `news` VALUES ('40', '1', 'Đây là tiêu đề của bài viết', 'fermentum arcu. Vestibulum', 'http://img.v3.news.zdn.vn/w660/Uploaded/ywfau/2014_05_24/ancap_SEDHjpg.jpg', '2014-05-24', '87');
INSERT INTO `news` VALUES ('41', '6', 'Đây là tiêu đề của bài viết', 'semper, dui', 'http://genk2.vcmedia.vn/HFLZk9aryY5fqdC2HFsekZiBigmty/Image/2014/04/gra_kishi3-69b2e.jpg', '2014-05-24', '62');
INSERT INTO `news` VALUES ('42', '4', 'Đây là tiêu đề của bài viết', 'nibh. Phasellus nulla. Integer vulputate, risus', 'http://genk2.vcmedia.vn/thumb_w/600/HFLZk9aryY5fqdC2HFsekZiBigmty/Image/2014/04/ka016-69b2e.jpg', '2014-05-24', '57');
INSERT INTO `news` VALUES ('43', '2', 'Đây là tiêu đề của bài viết', 'mi enim, condimentum eget,', 'http://genk2.vcmedia.vn/thumb_w/600/HFLZk9aryY5fqdC2HFsekZiBigmty/Image/2014/04/ka018-69b2e.jpg', '2014-05-24', '5');
INSERT INTO `news` VALUES ('44', '3', 'Đây là tiêu đề của bài viết', 'nisi. Aenean eget', 'http://genk2.vcmedia.vn/thumb_w/600/dTUDlvZ9Pm5DNNPFeHeiGmyg5Bq4ag/Image/2014/05/53799a2fc5fbe-d65c3.jpg', '2014-05-24', '6');
INSERT INTO `news` VALUES ('45', '2', 'Đây là tiêu đề của bài viết', 'dictum ultricies ligula. Nullam enim. Sed nulla ante,', 'http://genk2.vcmedia.vn/thumb_w/600/dTUDlvZ9Pm5DNNPFeHeiGmyg5Bq4ag/Image/2014/05/53799a23c5fbc-d65c3.jpg', '2014-05-24', '11');
INSERT INTO `news` VALUES ('46', '3', 'Đây là tiêu đề của bài viết', 'eu, ligula. Aenean euismod mauris eu elit. Nulla', 'http://genk2.vcmedia.vn/thumb_w/600/dTUDlvZ9Pm5DNNPFeHeiGmyg5Bq4ag/Image/2014/05/537c915b6df37-d65c3.jpg', '2014-05-24', '82');
INSERT INTO `news` VALUES ('47', '6', 'Đây là tiêu đề của bài viết', 'pellentesque. Sed dictum. Proin', 'http://genk2.vcmedia.vn/thumb_w/600/dTUDlvZ9Pm5DNNPFeHeiGmyg5Bq4ag/Image/2014/05/537b28aa09251-d65c3.jpg', '2014-05-24', '88');
INSERT INTO `news` VALUES ('48', '4', 'Đây là tiêu đề của bài viết', 'risus. Duis a mi fringilla mi lacinia', 'http://genk2.vcmedia.vn/thumb_w/600/dTUDlvZ9Pm5DNNPFeHeiGmyg5Bq4ag/Image/2014/05/536c71cb0d321-d65c3.jpg', '2014-05-24', '93');
INSERT INTO `news` VALUES ('49', '6', 'Đây là tiêu đề của bài viết', 'eu neque pellentesque massa lobortis ultrices.', 'http://genk2.vcmedia.vn/thumb_w/600/dTUDlvZ9Pm5DNNPFeHeiGmyg5Bq4ag/Image/2014/05/1-(1)-5e536.jpg', '2014-05-24', '22');
INSERT INTO `news` VALUES ('50', '3', 'Đây là tiêu đề của bài viết', 'Integer urna. Vivamus molestie', 'http://genk2.vcmedia.vn/thumb_w/600/dTUDlvZ9Pm5DNNPFeHeiGmyg5Bq4ag/Image/2014/05/537f557eb7c2d-5e536.jpg', '2014-05-24', '32');
INSERT INTO `news` VALUES ('51', '3', 'Đây là tiêu đề của bài viết', 'justo', 'http://genk2.vcmedia.vn/thumb_w/600/HFLZk9aryY5fqdC2HFsekZiBigmty/Image/2014/04/ka031-69b2e.jpg', '2014-05-24', '72');
INSERT INTO `news` VALUES ('52', '5', 'Đây là tiêu đề của bài viết', 'vel sapien imperdiet ornare. In', 'http://genk2.vcmedia.vn/thumb_w/600/HFLZk9aryY5fqdC2HFsekZiBigmty/Image/2014/04/ka037-69b2e.jpg', '2014-05-24', '24');
INSERT INTO `news` VALUES ('53', '6', 'Đây là tiêu đề của bài viết', 'elit, pharetra ut,', 'http://genk2.vcmedia.vn/thumb_w/600/dTUDlvZ9Pm5DNNPFeHeiGmyg5Bq4ag/Image/2014/05/537b03a53e862-5e536.jpg', '2014-05-24', '18');
INSERT INTO `news` VALUES ('54', '2', 'Đây là tiêu đề của bài viết', 'gravida non, sollicitudin a, malesuada id, erat. Etiam vestibulum', 'http://genk2.vcmedia.vn/thumb_w/600/dTUDlvZ9Pm5DNNPFeHeiGmyg5Bq4ag/Image/2014/05/53774343888ea-5e536.jpg', '2014-05-24', '69');
INSERT INTO `news` VALUES ('55', '1', 'Đây là tiêu đề của bài viết', 'ornare lectus justo eu arcu. Morbi sit amet massa. Quisque porttitor eros nec tellus. Nunc lectus pede, ultrices a, auctor non, feugiat nec, diam. Duis mi enim, condimentum eget, volutpat ornare, facilisis eget, ipsum. Donec sollicitudin adipiscing ligula. Aenean gravida nunc sed pede. Cum sociis natoque penatibus et magnis dis parturient montes, nascetur ridiculus mus. Proin vel arcu eu odio tristique pharetra. Quisque ac libero nec ligula consectetuer rhoncus. Nullam velit dui, semper et, lacinia vitae, sodales at, velit. Pellentesque ultricies dignissim lacus. Aliquam rutrum lorem ac risus. Morbi metus. Vivamus euismod urna. Nullam lobortis quam a felis ullamcorper viverra. Maecenas iaculis aliquet diam. Sed diam lorem, auctor quis, tristique ac, eleifend vitae, erat. Vivamus nisi. Mauris nulla. Integer urna. Vivamus molestie dapibus ligula. Aliquam erat volutpat. Nulla dignissim. Maecenas ornare egestas ligula. Nullam feugiat placerat velit. Quisque varius. Nam porttitor scelerisque neque. Nullam nisl. Maecenas malesuada fringilla est. Mauris eu turpis. Nulla aliquet. Proin velit. Sed malesuada augue ut lacus. Nulla tincidunt, neque vitae semper egestas, urna justo faucibus lectus, a sollicitudin orci', 'http://genk2.vcmedia.vn/thumb_w/600/dTUDlvZ9Pm5DNNPFeHeiGmyg5Bq4ag/Image/2014/05/537ca93ea29e1-d65c3.jpg', '0000-00-00', '1');
INSERT INTO `news` VALUES ('56', '16', 'Đây là tiêu đề của bài viết', 'Suspendisse sed dolor. Fusce mi lorem, vehicula et, rutrum eu, ultrices sit amet, risus. Donec nibh enim, gravida sit amet, dapibus id, blandit at, nisi. Cum sociis natoque penatibus et magnis dis parturient montes, nascetur ridiculus mus. Proin vel nisl. Quisque fringilla euismod enim. Etiam gravida molestie arcu. Sed eu nibh vulputate mauris sagittis placerat. Cras dictum ultricies ligula. Nullam enim. Sed nulla ante, iaculis nec, eleifend non, dapibus rutrum, justo. Praesent luctus. Curabitur egestas nunc sed libero. Proin sed turpis nec mauris blandit mattis. Cras eget nisi dictum augue malesuada malesuada. Integer id magna et ipsum cursus vestibulum. Mauris magna. Duis dignissim tempor arcu. Vestibulum ut eros non enim commodo hendrerit. Donec porttitor tellus non magna. Nam ligula elit, pretium et, rutrum non, hendrerit id, ante. Nunc mauris sapien, cursus in, hendrerit consectetuer, cursus et, magna. Praesent interdum ligula eu enim. Etiam imperdiet dictum magna. Ut tincidunt orci quis lectus. Nullam suscipit, est ac facilisis facilisis, magna tellus faucibus leo, in lobortis tellus justo sit amet nulla. Donec non justo. Proin non massa non ante bibendum ullamcorper. Duis cursus, diam at pretium aliquet, metus urna convallis erat, eget tincidunt dui augue eu tellus. Phasellus elit pede, malesuada vel, venenatis vel, faucibus id, libero. Donec consectetuer mauris id sapien. Cras dolor dolor, tempus non, lacinia at, iaculis quis, pede. Praesent eu dui. Cum sociis natoque penatibus et magnis dis parturient montes, nascetur ridiculus mus. Aenean eget magna. Suspendisse tristique neque venenatis lacus. Etiam bibendum fermentum metus. Aenean sed pede nec ante blandit viverra. Donec tempus, lorem fringilla ornare placerat, orci lacus vestibulum lorem, sit amet ultricies sem magna nec quam. Curabitur vel lectus. Cum sociis natoque penatibus et magnis dis parturient montes, nascetur ridiculus mus. Donec dignissim magna a tortor. Nunc commodo auctor velit. Aliquam nisl. Nulla eu neque pellentesque massa lobortis ultrices. Vivamus rhoncus. Donec est. Nunc ullamcorper, velit in aliquet lobortis, nisi nibh lacinia orci, consectetuer euismod est arcu ac orci. Ut semper pretium neque. Morbi quis urna. Nunc quis arcu vel quam dignissim pharetra. Nam ac nulla. In tincidunt congue turpis. In condimentum. Donec at arcu. Vestibulum ante ipsum primis in faucibus orci luctus et ultrices posuere cubilia Curae; Donec tincidunt. Donec vitae erat vel pede blandit congue. In scelerisque scelerisque dui. Suspendisse ac metus vitae velit egestas lacinia. Sed congue, elit sed consequat auctor, nunc nulla vulputate dui, nec tempus mauris erat eget ipsum. Suspendisse sagittis. Nullam vitae diam. Proin dolor. Nulla semper tellus id nunc interdum feugiat. Sed nec metus facilisis lorem tristique aliquet. Phasellus fermentum convallis ligula. Donec luctus aliquet odio. Etiam ligula tortor, dictum eu, placerat eget, venenatis a, magna. Lorem ipsum dolor sit amet, consectetuer adipiscing elit. Etiam laoreet, libero et tristique pellentesque, tellus sem mollis dui, in sodales elit erat vitae risus. Duis a mi fringilla', 'http://genk2.vcmedia.vn/dTUDlvZ9Pm5DNNPFeHeiGmyg5Bq4ag/Image/2014/05/247655-fc394.jpg', '0000-00-00', '0');
INSERT INTO `news` VALUES ('57', '2', 'Đây là tiêu đề của bài viết', 'eu, odio. Phasellus at augue id ante dictum cursus. Nunc mauris elit, dictum eu, eleifend nec, malesuada ut, sem. Nulla interdum. Curabitur dictum. Phasellus in felis. Nulla tempor augue ac ipsum. Phasellus vitae mauris sit amet lorem semper auctor. Mauris vel turpis. Aliquam adipiscing lobortis risus. In mi pede, nonummy ut, molestie in, tempus eu, ligula. Aenean euismod mauris eu elit. Nulla facilisi. Sed neque. Sed eget lacus. Mauris non dui nec urna suscipit nonummy. Fusce fermentum fermentum arcu. Vestibulum ante ipsum primis in faucibus orci luctus et ultrices posuere cubilia Curae; Phasellus ornare. Fusce mollis. Duis sit amet diam eu dolor egestas rhoncus. Proin nisl sem, consequat nec, mollis vitae, posuere at, velit. Cras lorem lorem, luctus ut, pellentesque eget, dictum placerat, augue. Sed molestie. Sed id risus quis diam luctus lobortis. Class aptent taciti sociosqu ad litora torquent per conubia nostra, per inceptos hymenaeos. Mauris ut quam vel sapien imperdiet ornare. In faucibus. Morbi vehicula. Pellentesque tincidunt tempus risus. Donec egestas. Duis ac arcu. Nunc mauris. Morbi non sapien molestie orci tincidunt adipiscing. Mauris molestie pharetra nibh. Aliquam ornare, libero at auctor ullamcorper, nisl arcu iaculis enim, sit amet ornare lectus justo eu arcu. Morbi sit amet massa. Quisque porttitor eros nec tellus. Nunc lectus pede, ultrices a, auctor non, feugiat nec, diam. Duis mi enim, condimentum eget, volutpat ornare, facilisis eget, ipsum. Donec sollicitudin adipiscing ligula. Aenean gravida nunc sed pede. Cum sociis natoque penatibus et magnis dis parturient montes, nascetur ridiculus mus. Proin vel arcu eu odio tristique pharetra. Quisque ac libero nec ligula consectetuer rhoncus. Nullam velit dui, semper et, lacinia vitae, sodales at, velit. Pellentesque ultricies dignissim lacus. Aliquam rutrum lorem ac risus. Morbi metus. Vivamus euismod urna. Nullam lobortis quam', 'http://genk2.vcmedia.vn/thumb_w/600/dTUDlvZ9Pm5DNNPFeHeiGmyg5Bq4ag/Image/2014/05/247672-fc394.jpg', '0000-00-00', '0');
INSERT INTO `news` VALUES ('63', '6', 'Đây là tiêu đề của bài viết', 'Curabitur ut odio vel est tempor bibendum. Donec felis orci, adipiscing non, luctus sit amet, faucibus ut, nulla. Cras eu tellus eu augue porttitor interdum. Sed auctor odio a purus. Duis elementum, dui quis accumsan convallis, ante lectus convallis est, vitae sodales nisi magna sed dui. Fusce aliquam, enim nec tempus scelerisque, lorem ipsum sodales purus, in molestie tortor nibh sit amet orci. Ut sagittis lobortis mauris. Suspendisse aliquet molestie tellus. Aenean egestas hendrerit neque. In ornare sagittis felis. Donec tempor, est ac mattis semper, dui lectus rutrum urna, nec luctus felis purus ac tellus. Suspendisse sed dolor. Fusce mi lorem, vehicula et, rutrum eu, ultrices sit amet, risus. Donec nibh enim, gravida sit amet, dapibus id, blandit at, nisi. Cum sociis natoque penatibus et magnis dis parturient montes, nascetur ridiculus mus. Proin vel nisl. Quisque fringilla euismod enim. Etiam gravida molestie arcu. Sed eu nibh vulputate mauris sagittis placerat. Cras dictum ultricies ligula. Nullam enim. Sed nulla ante, iaculis nec, eleifend non, dapibus rutrum, justo. Praesent luctus. Curabitur egestas nunc sed libero. Proin sed turpis nec mauris blandit mattis. Cras eget nisi dictum augue malesuada malesuada. Integer id magna et ipsum cursus vestibulum. Mauris magna. Duis dignissim tempor arcu. Vestibulum ut eros non enim commodo hendrerit. Donec porttitor tellus non magna. Nam ligula elit, pretium et, rutrum non, hendrerit id, ante. Nunc mauris sapien, cursus in, hendrerit consectetuer, cursus et, magna. Praesent interdum ligula eu enim. Etiam imperdiet dictum magna. Ut tincidunt orci quis lectus. Nullam suscipit, est ac facilisis facilisis, magna tellus faucibus leo, in lobortis tellus justo sit amet nulla. Donec non justo. Proin non massa non ante bibendum ullamcorper. Duis cursus, diam at pretium aliquet, metus urna convallis erat, eget tincidunt dui augue eu tellus. Phasellus elit pede, malesuada vel, venenatis vel, faucibus id, libero. Donec consectetuer mauris id sapien. Cras dolor dolor, tempus non, lacinia at, iaculis quis, pede. Praesent eu dui. Cum sociis natoque penatibus et magnis dis parturient montes, nascetur ridiculus mus. Aenean eget magna. Suspendisse tristique neque venenatis lacus. Etiam bibendum fermentum metus. Aenean sed pede nec ante blandit viverra. Donec tempus, lorem fringilla ornare placerat, orci lacus vestibulum lorem, sit amet ultricies sem magna nec quam. Curabitur vel lectus. Cum sociis natoque penatibus et magnis dis parturient montes, nascetur ridiculus mus. Donec dignissim magna a tortor. Nunc commodo auctor velit. Aliquam nisl. Nulla eu neque pellentesque massa lobortis ultrices. Vivamus rhoncus. Donec est. Nunc ullamcorper, velit in aliquet lobortis, nisi nibh lacinia orci, consectetuer euismod est arcu ac orci. Ut semper pretium neque. Morbi quis urna. Nunc quis arcu vel quam dignissim pharetra. Nam ac nulla. In tincidunt congue turpis. In condimentum. Donec at arcu. Vestibulum ante ipsum primis in faucibus orci luctus et ultrices posuere cubilia Curae; Donec tincidunt. Donec vitae erat vel pede blandit congue. In scelerisque scelerisque dui. Suspendisse ac metus vitae velit egestas lacinia. Sed congue, elit sed consequat auctor, nunc nulla vulputate dui, nec tempus mauris erat eget', 'http://genk2.vcmedia.vn/dTUDlvZ9Pm5DNNPFeHeiGmyg5Bq4ag/Image/2014/05/247710-fc394.jpg', '0000-00-00', '0');
INSERT INTO `news` VALUES ('73', '8', 'Đây là tiêu đề của bài viết', 'justo eu arcu. Morbi sit amet massa. Quisque porttitor eros nec tellus. Nunc lectus pede, ultrices a, auctor non, feugiat nec, diam. Duis mi enim, condimentum eget, volutpat ornare, facilisis eget, ipsum. Donec sollicitudin adipiscing ligula. Aenean gravida nunc sed pede. Cum sociis natoque penatibus et magnis dis parturient montes, nascetur ridiculus mus. Proin vel arcu eu odio tristique pharetra. Quisque ac libero nec ligula consectetuer rhoncus. Nullam velit dui, semper et, lacinia vitae, sodales at, velit. Pellentesque ultricies dignissim lacus. Aliquam rutrum lorem ac risus. Morbi metus. Vivamus euismod urna. Nullam lobortis quam a felis ullamcorper viverra. Maecenas iaculis aliquet diam. Sed diam lorem, auctor quis, tristique ac, eleifend vitae, erat. Vivamus nisi. Mauris nulla. Integer urna. Vivamus molestie dapibus ligula. Aliquam erat volutpat. Nulla dignissim. Maecenas ornare egestas ligula. Nullam feugiat placerat velit. Quisque varius. Nam porttitor scelerisque neque. Nullam nisl. Maecenas malesuada fringilla est. Mauris eu turpis. Nulla aliquet. Proin velit. Sed malesuada augue ut lacus. Nulla tincidunt, neque vitae semper egestas, urna justo faucibus lectus, a sollicitudin orci sem eget massa. Suspendisse eleifend. Cras sed leo. Cras vehicula aliquet libero. Integer in magna. Phasellus dolor elit, pellentesque a, facilisis non, bibendum sed, est. Nunc laoreet lectus quis massa. Mauris vestibulum, neque sed dictum eleifend, nunc risus varius orci, in consequat enim diam vel arcu. Curabitur ut odio vel est tempor bibendum. Donec felis orci, adipiscing non, luctus sit amet, faucibus ut, nulla. Cras eu tellus eu augue porttitor interdum. Sed auctor odio a purus. Duis elementum, dui quis accumsan convallis, ante lectus convallis est, vitae sodales nisi magna sed dui. Fusce aliquam, enim nec tempus scelerisque, lorem ipsum sodales purus,', 'http://genk2.vcmedia.vn/thumb_w/600/dTUDlvZ9Pm5DNNPFeHeiGmyg5Bq4ag/Image/2014/05/5375b69390c00-a7f2d.jpg', '0000-00-00', '0');
INSERT INTO `news` VALUES ('75', '11', 'Đây là tiêu đề của bài viết', 'justo faucibus lectus, a sollicitudin orci sem eget massa. Suspendisse eleifend. Cras sed leo. Cras vehicula aliquet libero. Integer in magna. Phasellus dolor elit, pellentesque a, facilisis non, bibendum sed, est. Nunc laoreet lectus quis massa. Mauris vestibulum, neque sed dictum eleifend, nunc risus varius orci, in consequat enim diam vel arcu. Curabitur ut odio vel est tempor bibendum. Donec felis orci, adipiscing non, luctus sit amet, faucibus ut, nulla. Cras eu tellus eu augue porttitor interdum. Sed auctor odio a purus. Duis elementum, dui quis accumsan convallis, ante lectus convallis est, vitae sodales nisi magna sed dui. Fusce aliquam, enim nec tempus scelerisque, lorem ipsum sodales purus, in molestie tortor nibh sit amet orci. Ut sagittis lobortis mauris. Suspendisse aliquet molestie tellus. Aenean egestas hendrerit neque. In ornare sagittis felis. Donec tempor, est ac mattis semper, dui lectus rutrum urna, nec luctus felis purus ac tellus. Suspendisse sed dolor. Fusce mi lorem, vehicula et, rutrum eu, ultrices sit amet, risus. Donec nibh enim, gravida sit amet, dapibus id, blandit at, nisi. Cum sociis natoque penatibus et magnis dis parturient montes, nascetur ridiculus mus. Proin vel nisl. Quisque fringilla euismod enim. Etiam gravida molestie arcu. Sed eu nibh vulputate mauris sagittis placerat. Cras dictum ultricies ligula. Nullam enim. Sed nulla ante, iaculis nec, eleifend non, dapibus rutrum, justo. Praesent luctus. Curabitur egestas nunc sed libero. Proin sed turpis nec mauris blandit mattis. Cras eget nisi dictum augue malesuada malesuada. Integer id magna et ipsum cursus vestibulum. Mauris magna. Duis dignissim tempor arcu. Vestibulum ut eros non enim commodo hendrerit. Donec porttitor tellus non magna. Nam ligula elit, pretium et, rutrum non, hendrerit id, ante. Nunc mauris sapien, cursus in, hendrerit consectetuer, cursus et, magna. Praesent interdum ligula eu enim. Etiam imperdiet dictum magna. Ut tincidunt orci quis lectus. Nullam suscipit, est ac facilisis facilisis, magna tellus faucibus leo, in lobortis tellus justo sit amet nulla. Donec non justo. Proin non massa non ante bibendum ullamcorper. Duis cursus, diam at pretium aliquet, metus', 'http://genk2.vcmedia.vn/thumb_w/600/dTUDlvZ9Pm5DNNPFeHeiGmyg5Bq4ag/Image/2014/05/5378be4b83741-a7f2d.jpg', '0000-00-00', '0');
INSERT INTO `news` VALUES ('78', '5', 'Đây là tiêu đề của bài viết', 'natoque penatibus et magnis dis parturient montes, nascetur ridiculus mus. Proin vel arcu eu odio tristique pharetra. Quisque ac libero nec ligula consectetuer rhoncus. Nullam velit dui, semper et, lacinia vitae, sodales at, velit. Pellentesque ultricies dignissim lacus. Aliquam rutrum lorem ac risus. Morbi metus. Vivamus euismod urna. Nullam lobortis quam a felis ullamcorper viverra. Maecenas iaculis aliquet diam. Sed diam lorem, auctor quis, tristique ac, eleifend vitae, erat. Vivamus nisi. Mauris nulla. Integer urna. Vivamus molestie dapibus ligula. Aliquam erat volutpat. Nulla dignissim. Maecenas ornare egestas ligula. Nullam feugiat placerat velit. Quisque varius. Nam porttitor scelerisque neque. Nullam nisl. Maecenas malesuada fringilla est. Mauris eu turpis. Nulla aliquet. Proin velit. Sed malesuada augue ut lacus. Nulla tincidunt, neque vitae semper egestas, urna justo faucibus lectus, a sollicitudin orci sem eget massa. Suspendisse eleifend. Cras sed leo. Cras vehicula aliquet libero. Integer in magna. Phasellus dolor elit, pellentesque a, facilisis non, bibendum sed, est. Nunc laoreet lectus quis massa. Mauris vestibulum, neque sed dictum eleifend, nunc risus varius orci, in consequat enim diam vel arcu. Curabitur ut odio vel est tempor bibendum. Donec felis orci, adipiscing non, luctus sit amet, faucibus ut, nulla. Cras eu tellus eu augue porttitor interdum. Sed auctor odio a purus. Duis elementum, dui quis accumsan convallis, ante lectus convallis est, vitae sodales nisi magna sed dui. Fusce aliquam, enim nec tempus scelerisque, lorem ipsum sodales purus, in molestie tortor nibh sit amet orci. Ut sagittis lobortis mauris. Suspendisse aliquet molestie tellus. Aenean egestas hendrerit neque. In ornare sagittis felis. Donec tempor, est ac mattis semper, dui lectus rutrum urna, nec luctus felis purus ac tellus. Suspendisse sed dolor. Fusce mi lorem, vehicula et, rutrum eu, ultrices sit amet, risus. Donec nibh enim, gravida sit amet, dapibus id, blandit at, nisi. Cum sociis natoque penatibus et magnis dis parturient montes, nascetur ridiculus mus. Proin vel nisl. Quisque fringilla euismod enim. Etiam gravida molestie arcu. Sed eu nibh vulputate mauris sagittis placerat. Cras dictum ultricies ligula. Nullam enim. Sed nulla ante, iaculis nec, eleifend non, dapibus rutrum, justo. Praesent luctus. Curabitur egestas nunc sed libero. Proin sed turpis nec mauris blandit mattis. Cras eget nisi dictum augue malesuada malesuada. Integer id magna et ipsum cursus vestibulum. Mauris magna. Duis dignissim tempor arcu. Vestibulum ut eros', 'http://genk2.vcmedia.vn/thumb_w/600/dTUDlvZ9Pm5DNNPFeHeiGmyg5Bq4ag/Image/2014/05/5375e0d3acbb4-a7f2d.jpg', '0000-00-00', '0');
INSERT INTO `news` VALUES ('93', '2', 'Đây là tiêu đề của bài viết', 'nunc risus varius orci, in consequat enim diam vel arcu. Curabitur ut odio vel est tempor bibendum. Donec felis orci, adipiscing non, luctus sit amet, faucibus ut, nulla. Cras eu tellus eu augue porttitor interdum. Sed auctor odio a purus. Duis elementum, dui quis accumsan convallis, ante lectus convallis est, vitae sodales nisi magna sed dui. Fusce aliquam, enim nec tempus scelerisque, lorem ipsum sodales purus, in molestie tortor nibh sit amet orci. Ut sagittis lobortis mauris. Suspendisse aliquet molestie tellus. Aenean egestas hendrerit neque. In ornare sagittis felis. Donec tempor, est ac mattis semper, dui lectus rutrum urna, nec luctus felis purus ac tellus. Suspendisse sed dolor. Fusce mi lorem, vehicula et, rutrum eu, ultrices sit amet, risus. Donec nibh enim, gravida sit amet, dapibus id, blandit at, nisi. Cum sociis natoque penatibus et magnis dis parturient montes, nascetur ridiculus mus. Proin vel nisl. Quisque fringilla euismod enim. Etiam gravida molestie arcu. Sed eu nibh vulputate mauris sagittis placerat. Cras dictum ultricies ligula. Nullam enim. Sed nulla ante, iaculis nec, eleifend non, dapibus rutrum, justo. Praesent luctus. Curabitur egestas nunc sed libero. Proin sed turpis nec mauris blandit mattis. Cras eget nisi dictum augue malesuada malesuada. Integer id magna et ipsum cursus vestibulum. Mauris magna. Duis dignissim tempor arcu. Vestibulum ut eros non enim commodo hendrerit. Donec porttitor tellus non magna. Nam ligula elit, pretium et, rutrum non, hendrerit id, ante. Nunc mauris sapien, cursus in, hendrerit consectetuer, cursus et, magna. Praesent interdum ligula eu enim. Etiam imperdiet dictum magna. Ut tincidunt orci quis lectus. Nullam suscipit, est ac facilisis facilisis, magna tellus faucibus leo, in lobortis tellus justo sit amet nulla. Donec non justo. Proin non massa non ante bibendum ullamcorper. Duis cursus, diam at pretium aliquet, metus urna convallis erat, eget tincidunt dui augue eu tellus. Phasellus elit pede, malesuada vel, venenatis vel, faucibus id, libero. Donec consectetuer mauris id sapien. Cras dolor dolor, tempus non, lacinia at,', 'http://genk2.vcmedia.vn/thumb_w/600/dTUDlvZ9Pm5DNNPFeHeiGmyg5Bq4ag/Image/2014/05/53788c515f593-a7f2d.jpg', '0000-00-00', '0');
INSERT INTO `news` VALUES ('104', '11', 'Đây là tiêu đề của bài viết', 'egestas a, scelerisque sed, sapien. Nunc pulvinar arcu et pede. Nunc sed orci lobortis augue scelerisque mollis. Phasellus libero mauris, aliquam eu, accumsan sed, facilisis vitae, orci. Phasellus dapibus quam quis diam. Pellentesque habitant morbi tristique senectus et netus et malesuada fames ac turpis egestas. Fusce aliquet magna a neque. Nullam ut nisi a odio semper cursus. Integer mollis. Integer tincidunt aliquam arcu. Aliquam ultrices iaculis odio. Nam interdum enim non nisi. Aenean eget metus. In nec orci. Donec nibh. Quisque nonummy ipsum non arcu. Vivamus sit amet risus. Donec egestas. Aliquam nec enim. Nunc ut erat. Sed nunc est, mollis non, cursus non, egestas a, dui. Cras pellentesque. Sed dictum. Proin eget odio. Aliquam vulputate ullamcorper magna. Sed eu eros. Nam consequat dolor vitae dolor. Donec fringilla. Donec feugiat metus sit amet ante. Vivamus non lorem vitae odio sagittis semper. Nam tempor diam dictum sapien. Aenean massa. Integer vitae nibh. Donec est mauris, rhoncus id, mollis nec, cursus a, enim. Suspendisse aliquet, sem ut cursus luctus, ipsum leo elementum sem, vitae aliquam eros turpis non enim. Mauris quis turpis vitae purus gravida sagittis.', 'http://genk2.vcmedia.vn/thumb_w/600/dTUDlvZ9Pm5DNNPFeHeiGmyg5Bq4ag/Image/2014/05/536e15af73003-83936.jpg', '0000-00-00', '0');
INSERT INTO `news` VALUES ('107', '8', 'Đây là tiêu đề của bài viết', 'dui augue eu tellus. Phasellus elit pede, malesuada vel, venenatis vel, faucibus id, libero. Donec consectetuer mauris id sapien. Cras dolor dolor, tempus non, lacinia at, iaculis quis, pede. Praesent eu dui. Cum sociis natoque penatibus et magnis dis parturient montes, nascetur ridiculus mus. Aenean eget magna. Suspendisse tristique neque venenatis lacus. Etiam bibendum fermentum metus. Aenean sed pede nec ante blandit viverra. Donec tempus, lorem fringilla ornare placerat, orci lacus vestibulum lorem, sit amet ultricies sem magna nec quam. Curabitur vel lectus. Cum sociis natoque penatibus et magnis dis parturient montes, nascetur ridiculus mus. Donec dignissim magna a tortor. Nunc commodo auctor velit. Aliquam nisl. Nulla eu neque pellentesque massa lobortis ultrices. Vivamus rhoncus. Donec est. Nunc ullamcorper, velit in aliquet lobortis, nisi nibh lacinia orci, consectetuer euismod est arcu ac orci. Ut semper pretium neque. Morbi quis urna. Nunc quis arcu vel quam dignissim pharetra. Nam ac nulla. In tincidunt congue turpis. In condimentum. Donec at arcu. Vestibulum ante ipsum primis in faucibus orci luctus et ultrices posuere cubilia Curae; Donec tincidunt. Donec vitae erat vel pede blandit congue. In scelerisque scelerisque dui. Suspendisse ac metus vitae velit egestas lacinia. Sed congue, elit sed consequat auctor, nunc nulla vulputate dui, nec tempus mauris erat eget ipsum. Suspendisse sagittis. Nullam vitae diam. Proin dolor. Nulla semper tellus id nunc interdum feugiat. Sed nec metus facilisis lorem tristique aliquet. Phasellus fermentum convallis ligula. Donec luctus aliquet odio. Etiam ligula tortor, dictum eu, placerat eget, venenatis a, magna. Lorem ipsum dolor sit amet, consectetuer adipiscing elit. Etiam laoreet, libero et tristique pellentesque, tellus sem mollis dui, in sodales elit erat vitae risus. Duis a mi fringilla mi lacinia mattis. Integer eu lacus. Quisque imperdiet, erat nonummy ultricies ornare, elit elit fermentum risus, at fringilla purus mauris a nunc. In at pede. Cras vulputate velit eu sem. Pellentesque ut ipsum ac mi eleifend egestas. Sed pharetra, felis eget varius ultrices, mauris ipsum porta elit, a feugiat tellus lorem eu metus. In lorem. Donec elementum, lorem ut aliquam iaculis, lacus pede sagittis augue, eu tempor erat neque non quam. Pellentesque habitant morbi tristique senectus et netus et malesuada fames ac turpis egestas. Aliquam fringilla cursus purus. Nullam scelerisque neque sed sem egestas blandit. Nam nulla magna, malesuada vel, convallis in, cursus et, eros. Proin ultrices. Duis volutpat nunc sit amet metus. Aliquam erat volutpat. Nulla facilisis. Suspendisse commodo tincidunt nibh. Phasellus nulla. Integer vulputate, risus a ultricies adipiscing, enim mi tempor lorem, eget mollis lectus pede et risus. Quisque libero lacus, varius et, euismod et, commodo at, libero. Morbi accumsan laoreet ipsum. Curabitur consequat, lectus sit amet luctus vulputate, nisi sem semper erat, in consectetuer ipsum nunc id enim. Curabitur massa. Vestibulum accumsan neque et nunc. Quisque ornare', 'http://genk2.vcmedia.vn/dTUDlvZ9Pm5DNNPFeHeiGmyg5Bq4ag/Image/2014/05/lj0520cos01-99436.jpg', '0000-00-00', '0');
INSERT INTO `news` VALUES ('111', '3', 'Đây là tiêu đề của bài viết', 'venenatis a, magna. Lorem ipsum dolor sit amet, consectetuer adipiscing elit. Etiam laoreet, libero et tristique pellentesque, tellus sem mollis dui, in sodales elit erat vitae risus. Duis a mi fringilla mi lacinia mattis. Integer eu lacus. Quisque imperdiet, erat nonummy ultricies ornare, elit elit fermentum risus, at fringilla purus mauris a nunc. In at pede. Cras vulputate velit eu sem. Pellentesque ut ipsum ac mi eleifend egestas. Sed pharetra, felis eget varius ultrices, mauris ipsum porta elit, a feugiat tellus lorem eu metus. In lorem. Donec elementum, lorem ut aliquam iaculis, lacus pede sagittis augue, eu tempor erat neque non quam. Pellentesque habitant morbi tristique senectus et netus et malesuada fames ac turpis egestas. Aliquam fringilla cursus purus. Nullam scelerisque neque sed sem egestas blandit. Nam nulla magna, malesuada vel, convallis in, cursus et, eros. Proin ultrices. Duis volutpat nunc sit amet metus. Aliquam erat volutpat. Nulla facilisis. Suspendisse commodo tincidunt nibh. Phasellus nulla. Integer vulputate, risus a ultricies adipiscing, enim mi tempor lorem, eget mollis lectus pede et risus. Quisque libero lacus, varius et, euismod et, commodo at, libero. Morbi accumsan laoreet ipsum. Curabitur consequat, lectus sit amet luctus vulputate, nisi sem semper erat, in consectetuer ipsum nunc id enim. Curabitur massa. Vestibulum accumsan neque et nunc. Quisque ornare tortor at risus. Nunc ac sem ut dolor dapibus gravida. Aliquam tincidunt, nunc ac mattis ornare, lectus ante dictum mi, ac mattis velit justo nec ante. Maecenas mi felis, adipiscing fringilla, porttitor vulputate, posuere vulputate, lacus. Cras interdum. Nunc sollicitudin commodo ipsum. Suspendisse non leo. Vivamus nibh dolor, nonummy ac, feugiat non, lobortis quis, pede. Suspendisse dui. Fusce diam nunc, ullamcorper eu, euismod ac, fermentum vel, mauris. Integer sem elit, pharetra ut, pharetra sed, hendrerit a, arcu. Sed et libero. Proin mi. Aliquam gravida mauris ut mi. Duis risus odio, auctor vitae, aliquet nec, imperdiet nec, leo. Morbi neque tellus, imperdiet non, vestibulum nec, euismod in, dolor. Fusce feugiat. Lorem ipsum dolor sit amet, consectetuer adipiscing', 'http://genk2.vcmedia.vn/thumb_w/600/HFLZk9aryY5fqdC2HFsekZiBigmty/Image/2014/05/1-2cf84.jpg', '0000-00-00', '0');
INSERT INTO `news` VALUES ('115', '7', 'Đây là tiêu đề của bài viết', 'Cras dolor dolor, tempus non, lacinia at, iaculis quis, pede. Praesent eu dui. Cum sociis natoque penatibus et magnis dis parturient montes, nascetur ridiculus mus. Aenean eget magna. Suspendisse tristique neque venenatis lacus. Etiam bibendum fermentum metus. Aenean sed pede nec ante blandit viverra. Donec tempus, lorem fringilla ornare placerat, orci lacus vestibulum lorem, sit amet ultricies sem magna nec quam. Curabitur vel lectus. Cum sociis natoque penatibus et magnis dis parturient montes, nascetur ridiculus mus. Donec dignissim magna a tortor. Nunc commodo auctor velit. Aliquam nisl. Nulla eu neque pellentesque massa lobortis ultrices. Vivamus rhoncus. Donec est. Nunc ullamcorper, velit in aliquet lobortis, nisi nibh lacinia orci, consectetuer euismod est arcu ac orci. Ut semper pretium neque. Morbi quis urna. Nunc quis arcu vel quam dignissim pharetra. Nam ac nulla. In tincidunt congue turpis. In condimentum. Donec at arcu. Vestibulum ante ipsum primis in faucibus orci luctus et ultrices posuere cubilia', 'http://genk2.vcmedia.vn/dTUDlvZ9Pm5DNNPFeHeiGmyg5Bq4ag/Image/2014/05/lj0520cos02-99436.jpg', '0000-00-00', '0');
INSERT INTO `news` VALUES ('120', '1', 'Đây là tiêu đề của bài viết', 'nulla at sem molestie sodales. Mauris blandit enim consequat purus. Maecenas libero est, congue a, aliquet vel, vulputate eu, odio. Phasellus at augue id ante dictum cursus. Nunc mauris elit, dictum eu,', 'http://genk2.vcmedia.vn/thumb_w/600/dTUDlvZ9Pm5DNNPFeHeiGmyg5Bq4ag/Image/2014/05/5378be7583744-a7f2d.jpg', '0000-00-00', '0');
INSERT INTO `news` VALUES ('124', '10', 'Đây là tiêu đề của bài viết', 'orci. Donec nibh. Quisque nonummy ipsum non arcu. Vivamus sit amet risus. Donec egestas. Aliquam nec enim. Nunc ut erat. Sed nunc est, mollis non, cursus non, egestas a, dui. Cras pellentesque. Sed dictum. Proin eget odio. Aliquam vulputate ullamcorper magna. Sed eu eros. Nam consequat dolor vitae dolor. Donec fringilla. Donec feugiat metus sit amet ante. Vivamus non lorem vitae odio sagittis semper. Nam tempor diam dictum sapien. Aenean massa. Integer vitae nibh. Donec est mauris, rhoncus id, mollis nec, cursus a, enim. Suspendisse aliquet,', null, '0000-00-00', '0');
INSERT INTO `news` VALUES ('130', '14', 'Đây là tiêu đề của bài viết', 'Nunc laoreet lectus quis massa. Mauris vestibulum, neque sed dictum eleifend, nunc risus varius orci, in consequat enim diam vel arcu. Curabitur ut odio vel est tempor bibendum. Donec felis orci, adipiscing non, luctus sit amet, faucibus ut, nulla. Cras eu tellus eu augue porttitor interdum. Sed auctor odio a purus. Duis elementum, dui quis accumsan convallis, ante lectus convallis est, vitae sodales nisi magna sed dui. Fusce aliquam, enim nec tempus scelerisque, lorem ipsum sodales purus, in molestie tortor nibh sit amet orci. Ut sagittis lobortis mauris. Suspendisse aliquet molestie tellus. Aenean egestas hendrerit neque. In ornare sagittis felis. Donec tempor, est ac mattis semper, dui lectus rutrum urna, nec luctus felis purus ac tellus. Suspendisse sed dolor. Fusce mi lorem, vehicula et, rutrum eu, ultrices sit amet, risus. Donec nibh enim, gravida sit', 'http://genk2.vcmedia.vn/thumb_w/600/dTUDlvZ9Pm5DNNPFeHeiGmyg5Bq4ag/Image/2014/05/246688-fadf0.jpg', '0000-00-00', '0');
INSERT INTO `news` VALUES ('132', '8', 'Đây là tiêu đề của bài viết', 'eu neque pellentesque massa lobortis ultrices. Vivamus rhoncus. Donec est. Nunc ullamcorper, velit in aliquet lobortis, nisi nibh lacinia orci, consectetuer euismod est arcu ac orci. Ut semper pretium neque. Morbi quis urna. Nunc quis arcu vel quam dignissim pharetra. Nam ac nulla. In tincidunt congue turpis. In condimentum. Donec at arcu. Vestibulum ante ipsum primis in faucibus orci luctus et ultrices posuere cubilia Curae; Donec tincidunt. Donec vitae erat vel pede blandit congue. In scelerisque scelerisque dui. Suspendisse ac metus vitae velit egestas lacinia. Sed congue, elit sed consequat auctor, nunc nulla vulputate dui, nec tempus mauris erat eget ipsum. Suspendisse sagittis. Nullam vitae diam. Proin dolor. Nulla semper tellus id nunc interdum feugiat. Sed nec metus facilisis lorem tristique aliquet. Phasellus fermentum convallis ligula. Donec luctus aliquet odio. Etiam ligula tortor, dictum eu, placerat eget, venenatis a, magna. Lorem ipsum dolor sit amet, consectetuer adipiscing elit. Etiam laoreet, libero et tristique pellentesque, tellus sem mollis dui, in sodales elit erat vitae risus. Duis a mi fringilla mi lacinia mattis. Integer eu lacus. Quisque imperdiet, erat nonummy ultricies ornare, elit elit fermentum risus, at fringilla purus mauris a nunc. In at pede. Cras vulputate velit eu sem. Pellentesque ut ipsum ac mi eleifend egestas. Sed pharetra, felis eget varius ultrices, mauris ipsum porta elit, a feugiat tellus lorem eu metus. In lorem. Donec elementum, lorem ut aliquam iaculis, lacus pede sagittis augue, eu tempor erat neque non quam. Pellentesque habitant morbi tristique senectus et netus et malesuada fames ac turpis egestas. Aliquam fringilla cursus purus. Nullam scelerisque neque sed sem egestas blandit. Nam nulla magna, malesuada vel, convallis in, cursus et, eros. Proin ultrices. Duis volutpat nunc sit amet metus. Aliquam erat volutpat. Nulla facilisis. Suspendisse commodo tincidunt nibh. Phasellus nulla. Integer vulputate, risus a ultricies adipiscing, enim mi tempor lorem, eget mollis lectus pede et risus. Quisque libero lacus, varius et, euismod et, commodo at, libero. Morbi accumsan laoreet ipsum. Curabitur consequat, lectus sit amet luctus vulputate, nisi sem semper erat, in consectetuer ipsum nunc id enim. Curabitur massa. Vestibulum accumsan neque et nunc. Quisque ornare tortor at risus. Nunc ac sem ut dolor dapibus gravida. Aliquam tincidunt, nunc ac mattis ornare, lectus ante dictum mi, ac mattis velit justo nec ante. Maecenas mi felis, adipiscing fringilla, porttitor vulputate, posuere vulputate, lacus. Cras interdum. Nunc sollicitudin commodo ipsum. Suspendisse non leo. Vivamus nibh dolor, nonummy ac, feugiat', null, '0000-00-00', '0');
INSERT INTO `news` VALUES ('136', '12', 'Đây là tiêu đề của bài viết', 'velit. Pellentesque ultricies dignissim lacus. Aliquam rutrum lorem ac risus. Morbi metus. Vivamus euismod urna. Nullam lobortis quam a felis ullamcorper viverra. Maecenas iaculis aliquet diam. Sed diam lorem, auctor quis, tristique ac, eleifend vitae, erat. Vivamus nisi. Mauris nulla. Integer urna. Vivamus molestie dapibus ligula. Aliquam erat volutpat. Nulla dignissim. Maecenas ornare egestas ligula. Nullam feugiat placerat velit. Quisque varius. Nam porttitor scelerisque neque. Nullam nisl. Maecenas malesuada fringilla est. Mauris eu turpis. Nulla aliquet. Proin velit. Sed malesuada augue ut lacus. Nulla tincidunt, neque vitae semper egestas, urna justo faucibus lectus, a sollicitudin orci sem eget massa. Suspendisse eleifend. Cras sed leo. Cras vehicula aliquet libero. Integer in magna. Phasellus dolor elit, pellentesque a, facilisis non, bibendum sed, est. Nunc laoreet lectus quis massa. Mauris vestibulum, neque sed dictum eleifend, nunc risus varius orci, in consequat enim diam vel arcu. Curabitur ut odio vel est tempor bibendum. Donec felis orci, adipiscing non, luctus sit amet, faucibus ut, nulla. Cras eu tellus eu augue porttitor interdum. Sed auctor odio a purus. Duis elementum, dui quis accumsan convallis, ante lectus convallis est, vitae sodales nisi magna sed dui. Fusce aliquam, enim nec tempus scelerisque, lorem ipsum sodales purus, in molestie tortor nibh sit amet orci. Ut sagittis lobortis mauris. Suspendisse aliquet molestie tellus. Aenean egestas hendrerit neque. In ornare sagittis felis. Donec tempor, est ac mattis semper, dui lectus rutrum urna, nec luctus felis purus ac tellus. Suspendisse sed dolor. Fusce mi lorem, vehicula et, rutrum eu, ultrices sit amet, risus. Donec nibh', 'http://genk2.vcmedia.vn/dTUDlvZ9Pm5DNNPFeHeiGmyg5Bq4ag/Image/2014/05/lj0520cos03-99436.jpg', '0000-00-00', '0');
INSERT INTO `news` VALUES ('140', '3', 'Đây là tiêu đề của bài viết', 'blandit congue. In scelerisque scelerisque dui. Suspendisse ac metus vitae velit egestas lacinia. Sed congue, elit sed consequat auctor, nunc nulla vulputate dui, nec tempus mauris erat eget ipsum. Suspendisse sagittis. Nullam vitae diam. Proin dolor. Nulla semper tellus id nunc interdum feugiat. Sed nec metus facilisis lorem tristique aliquet. Phasellus fermentum convallis ligula. Donec luctus aliquet odio. Etiam ligula tortor, dictum eu, placerat eget, venenatis a, magna. Lorem ipsum dolor sit amet, consectetuer adipiscing elit. Etiam laoreet, libero et tristique pellentesque, tellus sem mollis dui, in sodales elit erat vitae risus. Duis a mi fringilla mi lacinia mattis. Integer eu lacus. Quisque imperdiet, erat nonummy ultricies ornare, elit elit fermentum risus, at fringilla purus mauris a nunc. In at pede. Cras vulputate velit eu sem. Pellentesque ut ipsum ac mi eleifend egestas. Sed pharetra, felis eget varius ultrices, mauris ipsum porta elit, a feugiat tellus lorem eu metus. In lorem. Donec elementum, lorem ut aliquam iaculis, lacus pede sagittis augue, eu tempor erat neque non quam. Pellentesque habitant morbi tristique senectus et netus et malesuada fames ac turpis egestas. Aliquam fringilla cursus purus. Nullam scelerisque neque sed sem egestas blandit. Nam nulla magna, malesuada vel, convallis in,', null, '0000-00-00', '0');
INSERT INTO `news` VALUES ('141', '16', 'Đây là tiêu đề của bài viết', 'et magnis dis parturient montes, nascetur ridiculus mus. Proin vel arcu eu odio tristique pharetra. Quisque ac libero nec ligula consectetuer rhoncus. Nullam velit dui, semper et, lacinia vitae, sodales at, velit. Pellentesque ultricies dignissim lacus. Aliquam rutrum lorem ac risus. Morbi metus. Vivamus euismod urna. Nullam lobortis quam a felis ullamcorper viverra. Maecenas iaculis aliquet diam. Sed diam lorem, auctor quis, tristique ac, eleifend vitae, erat. Vivamus nisi. Mauris nulla. Integer urna. Vivamus molestie dapibus ligula. Aliquam erat volutpat. Nulla dignissim. Maecenas ornare egestas ligula. Nullam feugiat placerat velit. Quisque varius. Nam porttitor scelerisque neque. Nullam nisl. Maecenas malesuada fringilla est. Mauris eu turpis. Nulla aliquet. Proin velit. Sed malesuada augue ut lacus. Nulla tincidunt, neque vitae semper egestas, urna justo faucibus lectus, a sollicitudin orci sem eget massa. Suspendisse eleifend. Cras sed leo. Cras vehicula aliquet libero. Integer in magna. Phasellus dolor elit, pellentesque a, facilisis non, bibendum sed, est. Nunc laoreet lectus quis massa. Mauris vestibulum, neque sed dictum eleifend, nunc risus varius orci, in consequat enim diam vel arcu. Curabitur ut odio vel est tempor bibendum. Donec felis orci, adipiscing non, luctus sit amet, faucibus ut, nulla. Cras eu tellus eu augue porttitor interdum. Sed auctor odio a purus. Duis elementum, dui quis accumsan convallis, ante lectus convallis est, vitae sodales nisi magna sed dui. Fusce aliquam, enim nec tempus scelerisque, lorem ipsum sodales purus, in molestie tortor nibh sit amet orci. Ut sagittis lobortis mauris. Suspendisse aliquet molestie tellus. Aenean egestas hendrerit neque. In ornare sagittis felis. Donec tempor, est ac mattis semper, dui lectus rutrum urna, nec luctus felis purus ac tellus. Suspendisse sed dolor. Fusce mi lorem, vehicula et, rutrum eu, ultrices sit amet, risus. Donec nibh enim, gravida sit amet, dapibus id, blandit at, nisi. Cum sociis natoque penatibus et magnis dis parturient montes, nascetur ridiculus mus. Proin vel nisl. Quisque fringilla euismod enim. Etiam gravida molestie arcu. Sed eu nibh vulputate mauris sagittis placerat. Cras dictum ultricies ligula. Nullam enim. Sed nulla ante, iaculis nec, eleifend non, dapibus rutrum, justo. Praesent luctus. Curabitur egestas nunc sed libero. Proin sed turpis nec mauris blandit mattis. Cras eget nisi dictum augue malesuada malesuada. Integer id magna et ipsum cursus vestibulum. Mauris magna. Duis dignissim tempor arcu. Vestibulum ut eros non enim commodo hendrerit. Donec porttitor tellus non magna. Nam ligula elit, pretium et, rutrum non, hendrerit id, ante. Nunc mauris sapien, cursus in, hendrerit consectetuer, cursus et, magna. Praesent interdum ligula eu enim. Etiam imperdiet dictum magna. Ut tincidunt orci quis lectus. Nullam suscipit, est ac facilisis facilisis, magna tellus faucibus leo, in lobortis tellus justo sit amet nulla. Donec non justo. Proin non massa non ante bibendum ullamcorper. Duis cursus, diam at pretium aliquet, metus urna convallis erat, eget tincidunt dui augue eu tellus. Phasellus elit pede, malesuada vel, venenatis vel, faucibus id, libero.', 'http://genk2.vcmedia.vn/thumb_w/600/dTUDlvZ9Pm5DNNPFeHeiGmyg5Bq4ag/Image/2014/05/lj0520cos40-99436.jpg', '0000-00-00', '0');
INSERT INTO `news` VALUES ('146', '5', 'Đây là tiêu đề của bài viết', 'Etiam bibendum fermentum metus. Aenean sed pede nec ante blandit viverra. Donec tempus, lorem fringilla ornare placerat, orci lacus vestibulum lorem, sit amet ultricies sem magna nec quam. Curabitur vel lectus. Cum sociis natoque penatibus et magnis dis parturient montes, nascetur ridiculus mus. Donec dignissim magna a tortor. Nunc commodo auctor velit. Aliquam nisl. Nulla eu neque pellentesque massa lobortis ultrices. Vivamus rhoncus. Donec est. Nunc ullamcorper, velit in aliquet lobortis, nisi nibh lacinia orci, consectetuer euismod est arcu ac orci. Ut semper pretium neque. Morbi quis urna. Nunc quis arcu vel quam dignissim pharetra. Nam ac nulla. In tincidunt congue turpis. In condimentum. Donec at arcu. Vestibulum ante ipsum primis in faucibus orci luctus et ultrices posuere cubilia Curae; Donec tincidunt. Donec vitae erat vel pede blandit congue. In scelerisque scelerisque dui. Suspendisse ac metus vitae velit egestas lacinia. Sed congue, elit sed consequat auctor, nunc nulla vulputate dui, nec tempus mauris erat eget ipsum. Suspendisse sagittis. Nullam vitae diam. Proin dolor. Nulla semper tellus id nunc interdum feugiat. Sed nec metus facilisis lorem tristique aliquet. Phasellus fermentum convallis ligula. Donec luctus aliquet odio. Etiam ligula tortor, dictum eu, placerat eget, venenatis a, magna. Lorem ipsum dolor sit amet, consectetuer adipiscing elit. Etiam laoreet, libero et tristique pellentesque, tellus sem mollis dui, in sodales elit erat vitae risus. Duis a mi fringilla mi lacinia mattis. Integer eu lacus. Quisque imperdiet, erat nonummy ultricies ornare, elit elit fermentum risus, at fringilla purus mauris a nunc. In at pede. Cras vulputate velit eu sem. Pellentesque ut ipsum ac mi eleifend egestas. Sed pharetra, felis eget varius ultrices, mauris ipsum porta elit, a feugiat tellus lorem eu metus. In lorem. Donec elementum, lorem ut aliquam iaculis, lacus pede sagittis augue, eu tempor erat neque non quam. Pellentesque habitant morbi tristique senectus et netus et malesuada fames ac turpis egestas. Aliquam fringilla cursus purus. Nullam scelerisque neque sed sem egestas blandit. Nam nulla magna, malesuada vel, convallis in, cursus et, eros. Proin ultrices. Duis volutpat nunc sit amet metus. Aliquam erat volutpat. Nulla facilisis. Suspendisse commodo tincidunt nibh. Phasellus nulla. Integer vulputate, risus a ultricies adipiscing, enim mi tempor lorem, eget mollis lectus pede', 'http://genk2.vcmedia.vn/thumb_w/600/dTUDlvZ9Pm5DNNPFeHeiGmyg5Bq4ag/Image/2014/05/lj0520cos07-99436.jpg', '0000-00-00', '0');
INSERT INTO `news` VALUES ('148', '12', 'Đây là tiêu đề của bài viết', 'at sem molestie sodales. Mauris blandit enim consequat purus. Maecenas libero est, congue a, aliquet vel, vulputate eu, odio. Phasellus at augue id ante dictum cursus. Nunc mauris elit, dictum eu, eleifend nec, malesuada ut, sem. Nulla interdum. Curabitur dictum. Phasellus in felis. Nulla tempor augue ac ipsum. Phasellus vitae mauris sit amet lorem semper auctor. Mauris vel turpis. Aliquam adipiscing lobortis risus. In mi pede, nonummy ut, molestie in, tempus eu, ligula. Aenean euismod mauris eu elit. Nulla facilisi. Sed neque. Sed eget lacus. Mauris non dui nec urna suscipit nonummy. Fusce fermentum fermentum arcu. Vestibulum ante ipsum primis in faucibus orci luctus et ultrices posuere cubilia Curae; Phasellus ornare. Fusce mollis. Duis sit amet diam eu dolor egestas rhoncus. Proin nisl sem, consequat nec, mollis vitae, posuere at, velit. Cras lorem lorem, luctus ut, pellentesque eget, dictum placerat, augue. Sed molestie. Sed id risus quis diam luctus lobortis. Class aptent taciti sociosqu ad litora torquent per conubia nostra, per inceptos hymenaeos. Mauris ut quam vel sapien imperdiet ornare. In faucibus. Morbi vehicula. Pellentesque tincidunt tempus risus. Donec egestas. Duis ac arcu. Nunc mauris. Morbi non sapien molestie orci tincidunt adipiscing. Mauris molestie pharetra nibh. Aliquam ornare, libero at auctor ullamcorper, nisl arcu iaculis enim, sit amet ornare lectus justo eu arcu. Morbi sit amet massa. Quisque porttitor eros nec tellus. Nunc lectus pede, ultrices a, auctor non, feugiat nec, diam. Duis', 'http://genk2.vcmedia.vn/dTUDlvZ9Pm5DNNPFeHeiGmyg5Bq4ag/Image/2014/05/246652-fadf0.jpg', '0000-00-00', '0');
INSERT INTO `news` VALUES ('149', '15', 'Đây là tiêu đề của bài viết', 'aliquet, metus urna convallis erat, eget tincidunt dui augue eu tellus. Phasellus elit pede, malesuada vel, venenatis vel, faucibus id, libero. Donec consectetuer mauris id sapien. Cras dolor dolor, tempus non, lacinia at, iaculis quis, pede. Praesent eu dui. Cum sociis natoque penatibus et magnis dis parturient montes, nascetur ridiculus mus. Aenean eget magna. Suspendisse tristique neque venenatis lacus. Etiam bibendum fermentum metus. Aenean sed pede nec ante blandit viverra. Donec tempus, lorem fringilla ornare placerat, orci lacus vestibulum lorem, sit amet ultricies sem magna nec quam. Curabitur vel lectus. Cum sociis natoque penatibus et magnis dis parturient montes, nascetur ridiculus mus. Donec dignissim magna a tortor. Nunc commodo auctor velit. Aliquam nisl. Nulla eu neque pellentesque massa lobortis ultrices. Vivamus rhoncus. Donec est. Nunc ullamcorper, velit in aliquet lobortis, nisi nibh lacinia orci, consectetuer euismod est arcu ac orci. Ut semper pretium neque. Morbi quis urna. Nunc quis arcu vel quam dignissim pharetra. Nam ac nulla. In tincidunt congue turpis. In condimentum. Donec at arcu. Vestibulum ante ipsum primis in faucibus orci luctus et ultrices posuere cubilia Curae; Donec tincidunt. Donec vitae erat vel pede blandit congue. In scelerisque scelerisque dui. Suspendisse ac metus vitae velit egestas lacinia. Sed congue, elit sed consequat auctor, nunc nulla vulputate dui, nec tempus mauris erat eget ipsum. Suspendisse sagittis. Nullam vitae diam. Proin dolor. Nulla semper tellus id nunc interdum feugiat. Sed nec metus facilisis lorem tristique aliquet. Phasellus fermentum convallis ligula. Donec luctus aliquet odio. Etiam ligula tortor, dictum eu, placerat eget, venenatis a, magna. Lorem ipsum dolor sit amet, consectetuer adipiscing elit. Etiam laoreet, libero et tristique pellentesque, tellus sem mollis dui, in sodales elit erat vitae risus. Duis a mi fringilla mi lacinia mattis. Integer eu lacus. Quisque imperdiet, erat nonummy ultricies ornare, elit elit fermentum risus, at fringilla purus mauris a nunc. In at pede. Cras vulputate velit eu sem. Pellentesque ut ipsum ac mi eleifend egestas. Sed pharetra, felis eget varius ultrices, mauris ipsum porta elit, a feugiat tellus lorem eu metus. In lorem. Donec elementum, lorem ut aliquam iaculis, lacus pede sagittis augue, eu tempor erat neque non quam. Pellentesque habitant morbi tristique senectus et netus et malesuada fames ac turpis egestas. Aliquam fringilla cursus purus. Nullam scelerisque neque sed sem egestas blandit. Nam nulla magna, malesuada vel, convallis', 'http://genk2.vcmedia.vn/thumb_w/600/HFLZk9aryY5fqdC2HFsekZiBigmty/Image/2014/05/14-2cf84.jpg', '0000-00-00', '0');
INSERT INTO `news` VALUES ('151', '16', 'Đây là tiêu đề của bài viết', 'egestas. Aliquam nec enim. Nunc ut erat. Sed nunc est, mollis non, cursus non, egestas a, dui. Cras pellentesque. Sed dictum. Proin eget odio. Aliquam vulputate ullamcorper magna. Sed eu eros. Nam consequat dolor vitae dolor. Donec fringilla. Donec feugiat metus sit amet ante. Vivamus non lorem vitae odio sagittis semper. Nam tempor diam dictum sapien. Aenean massa. Integer vitae nibh. Donec est mauris, rhoncus id, mollis nec, cursus a, enim. Suspendisse aliquet, sem ut cursus luctus, ipsum leo elementum sem, vitae aliquam eros turpis non enim. Mauris quis turpis vitae purus gravida sagittis. Duis gravida. Praesent eu nulla at sem molestie sodales. Mauris blandit enim consequat purus. Maecenas libero est, congue a, aliquet vel, vulputate eu, odio. Phasellus at augue id ante dictum cursus. Nunc mauris elit, dictum eu, eleifend nec, malesuada ut, sem. Nulla interdum. Curabitur dictum. Phasellus in felis. Nulla tempor augue ac ipsum. Phasellus vitae mauris sit amet lorem semper auctor. Mauris vel turpis. Aliquam adipiscing lobortis risus. In mi pede, nonummy ut, molestie in, tempus eu, ligula. Aenean', null, '0000-00-00', '0');
INSERT INTO `news` VALUES ('153', '10', 'Đây là tiêu đề của bài viết', 'nunc interdum feugiat. Sed nec metus facilisis lorem tristique aliquet. Phasellus fermentum convallis ligula. Donec luctus aliquet odio. Etiam ligula tortor, dictum eu, placerat eget, venenatis a, magna. Lorem ipsum dolor sit amet, consectetuer adipiscing elit. Etiam laoreet, libero et tristique pellentesque, tellus sem mollis dui, in sodales elit erat vitae risus. Duis a mi fringilla mi lacinia mattis. Integer eu lacus. Quisque imperdiet, erat nonummy ultricies ornare, elit elit fermentum risus, at fringilla purus mauris a nunc. In at pede. Cras vulputate velit eu sem. Pellentesque ut ipsum ac mi eleifend egestas. Sed pharetra, felis eget varius ultrices, mauris ipsum porta elit, a feugiat tellus lorem eu metus. In lorem. Donec elementum, lorem ut aliquam iaculis, lacus pede sagittis augue, eu tempor erat neque non quam. Pellentesque habitant morbi tristique senectus et netus et malesuada fames ac turpis egestas. Aliquam fringilla cursus purus. Nullam scelerisque neque sed sem egestas blandit. Nam nulla magna, malesuada vel, convallis in, cursus et, eros. Proin ultrices. Duis volutpat nunc sit amet metus. Aliquam erat volutpat. Nulla facilisis. Suspendisse commodo tincidunt nibh. Phasellus nulla. Integer vulputate, risus a ultricies adipiscing, enim mi tempor lorem, eget mollis lectus pede et risus. Quisque libero lacus, varius et, euismod et, commodo at, libero. Morbi accumsan laoreet ipsum. Curabitur consequat, lectus sit amet luctus vulputate, nisi sem semper erat, in consectetuer ipsum nunc id enim. Curabitur massa. Vestibulum accumsan neque et nunc. Quisque ornare tortor at risus. Nunc ac sem ut dolor dapibus gravida. Aliquam tincidunt, nunc ac mattis ornare, lectus ante dictum mi, ac mattis velit justo nec ante. Maecenas mi felis, adipiscing fringilla, porttitor vulputate, posuere vulputate, lacus. Cras interdum. Nunc sollicitudin commodo ipsum. Suspendisse non leo. Vivamus nibh dolor, nonummy ac, feugiat non, lobortis quis, pede. Suspendisse dui. Fusce diam nunc, ullamcorper eu, euismod ac, fermentum vel, mauris. Integer sem elit, pharetra ut, pharetra sed, hendrerit a, arcu. Sed et libero. Proin mi. Aliquam gravida mauris ut mi. Duis risus odio, auctor vitae, aliquet nec, imperdiet nec, leo. Morbi neque tellus, imperdiet non, vestibulum nec, euismod in, dolor. Fusce feugiat. Lorem ipsum dolor sit amet, consectetuer adipiscing elit. Aliquam auctor, velit eget laoreet posuere, enim nisl elementum purus,', 'http://genk2.vcmedia.vn/dTUDlvZ9Pm5DNNPFeHeiGmyg5Bq4ag/Image/2014/05/lj0520cos39-99436.jpg', '0000-00-00', '0');
INSERT INTO `news` VALUES ('154', '14', 'Đây là tiêu đề của bài viết', 'odio. Nam interdum enim non nisi. Aenean eget metus. In nec orci. Donec nibh. Quisque nonummy ipsum non arcu. Vivamus sit amet risus. Donec egestas. Aliquam nec enim. Nunc ut erat. Sed nunc est, mollis non, cursus non, egestas a, dui. Cras pellentesque. Sed dictum. Proin eget odio. Aliquam vulputate ullamcorper magna. Sed eu eros. Nam consequat dolor vitae dolor. Donec fringilla. Donec feugiat metus sit amet ante. Vivamus non lorem vitae odio sagittis semper. Nam tempor diam dictum sapien. Aenean massa. Integer vitae nibh. Donec est mauris, rhoncus id, mollis nec, cursus a, enim. Suspendisse aliquet, sem ut cursus luctus, ipsum leo elementum sem, vitae aliquam eros turpis non enim. Mauris quis turpis vitae purus gravida sagittis. Duis gravida. Praesent eu nulla at sem molestie sodales. Mauris blandit enim consequat purus. Maecenas libero est, congue a, aliquet vel, vulputate eu, odio. Phasellus at augue id ante dictum cursus. Nunc mauris elit, dictum eu, eleifend nec, malesuada ut, sem. Nulla interdum. Curabitur dictum. Phasellus in felis. Nulla tempor augue ac ipsum. Phasellus vitae mauris sit amet lorem semper auctor. Mauris vel turpis. Aliquam adipiscing lobortis risus. In mi pede, nonummy ut, molestie in, tempus eu, ligula. Aenean euismod mauris eu elit. Nulla facilisi. Sed neque. Sed eget lacus. Mauris non dui nec urna suscipit nonummy. Fusce fermentum fermentum arcu. Vestibulum ante ipsum primis in faucibus orci luctus et ultrices posuere cubilia Curae; Phasellus ornare. Fusce mollis. Duis sit amet diam eu dolor egestas rhoncus. Proin nisl sem, consequat nec, mollis vitae, posuere at, velit. Cras lorem lorem, luctus ut, pellentesque eget, dictum placerat, augue. Sed molestie. Sed id risus quis diam luctus lobortis. Class aptent taciti sociosqu ad litora torquent per conubia nostra, per inceptos hymenaeos. Mauris ut quam vel sapien imperdiet ornare. In faucibus. Morbi vehicula. Pellentesque tincidunt tempus risus. Donec egestas. Duis ac arcu. Nunc mauris. Morbi non sapien molestie orci tincidunt adipiscing. Mauris molestie pharetra nibh. Aliquam ornare, libero at auctor ullamcorper, nisl arcu iaculis enim, sit amet ornare lectus justo eu arcu. Morbi sit amet massa. Quisque porttitor eros nec tellus. Nunc lectus pede, ultrices a, auctor non, feugiat nec, diam. Duis mi enim, condimentum eget, volutpat ornare, facilisis eget, ipsum. Donec sollicitudin adipiscing ligula. Aenean gravida nunc sed pede. Cum sociis natoque penatibus et magnis dis parturient montes, nascetur ridiculus mus. Proin vel arcu eu odio tristique pharetra. Quisque ac libero nec ligula consectetuer rhoncus. Nullam velit dui, semper et, lacinia vitae, sodales at, velit. Pellentesque ultricies dignissim lacus. Aliquam rutrum lorem ac risus. Morbi metus. Vivamus euismod urna. Nullam lobortis quam a felis ullamcorper viverra. Maecenas iaculis aliquet diam. Sed diam lorem, auctor quis, tristique ac, eleifend vitae, erat. Vivamus nisi. Mauris nulla. Integer urna. Vivamus molestie dapibus ligula. Aliquam erat volutpat. Nulla dignissim. Maecenas ornare egestas ligula. Nullam feugiat placerat velit. Quisque varius. Nam porttitor scelerisque neque. Nullam nisl. Maecenas malesuada fringilla est. Mauris', 'http://genk2.vcmedia.vn/dTUDlvZ9Pm5DNNPFeHeiGmyg5Bq4ag/Image/2014/05/lj0520cos21-99436.jpg', '0000-00-00', '0');
INSERT INTO `news` VALUES ('156', '13', 'Đây là tiêu đề của bài viết', 'est, vitae sodales nisi magna sed dui. Fusce aliquam, enim nec tempus scelerisque, lorem ipsum sodales purus, in molestie tortor nibh sit amet orci. Ut sagittis lobortis mauris. Suspendisse aliquet molestie tellus. Aenean egestas hendrerit neque. In ornare sagittis felis. Donec tempor, est ac mattis semper, dui lectus rutrum urna, nec luctus felis purus ac tellus. Suspendisse sed dolor. Fusce mi lorem, vehicula et, rutrum eu, ultrices sit amet, risus. Donec nibh enim, gravida sit amet, dapibus id, blandit at, nisi. Cum sociis natoque penatibus et magnis dis parturient montes, nascetur ridiculus mus. Proin vel nisl. Quisque fringilla euismod enim. Etiam gravida molestie arcu. Sed eu nibh vulputate mauris sagittis placerat. Cras dictum ultricies ligula. Nullam enim. Sed nulla ante, iaculis nec, eleifend non, dapibus rutrum, justo. Praesent luctus. Curabitur egestas nunc sed libero. Proin sed turpis nec mauris blandit mattis. Cras eget nisi dictum augue malesuada malesuada. Integer id magna et ipsum cursus vestibulum. Mauris magna. Duis dignissim tempor arcu. Vestibulum ut eros non enim commodo hendrerit. Donec porttitor tellus non magna. Nam ligula elit, pretium et, rutrum non, hendrerit id, ante. Nunc mauris sapien, cursus in, hendrerit consectetuer, cursus et, magna. Praesent interdum ligula eu enim. Etiam imperdiet dictum magna. Ut tincidunt orci quis lectus. Nullam suscipit, est ac facilisis facilisis, magna tellus faucibus leo, in lobortis tellus justo sit amet nulla. Donec non justo. Proin non massa non ante bibendum ullamcorper. Duis cursus, diam at pretium aliquet, metus urna convallis erat, eget tincidunt dui augue eu tellus. Phasellus elit pede, malesuada vel, venenatis vel, faucibus id, libero. Donec consectetuer mauris id sapien. Cras dolor dolor, tempus non, lacinia at, iaculis quis, pede. Praesent eu dui. Cum sociis natoque penatibus et magnis dis parturient montes, nascetur ridiculus mus. Aenean eget magna. Suspendisse tristique neque venenatis lacus. Etiam bibendum fermentum metus. Aenean sed pede nec ante blandit viverra. Donec tempus, lorem fringilla ornare placerat, orci lacus vestibulum lorem, sit amet ultricies sem magna nec quam. Curabitur vel lectus. Cum sociis natoque penatibus et magnis dis parturient montes, nascetur ridiculus mus. Donec dignissim magna a tortor. Nunc commodo auctor velit. Aliquam nisl. Nulla eu neque pellentesque massa lobortis ultrices. Vivamus rhoncus. Donec est. Nunc ullamcorper, velit in aliquet lobortis, nisi nibh lacinia orci, consectetuer euismod est arcu ac orci. Ut semper pretium neque. Morbi quis urna. Nunc quis arcu vel quam dignissim pharetra. Nam ac nulla. In tincidunt congue turpis. In condimentum. Donec at arcu. Vestibulum ante ipsum primis in faucibus orci luctus et ultrices posuere cubilia Curae; Donec', null, '0000-00-00', '0');
INSERT INTO `news` VALUES ('157', '2', 'Đây là tiêu đề của bài viết', 'pede blandit congue. In scelerisque scelerisque dui. Suspendisse ac metus vitae velit egestas lacinia. Sed congue, elit sed consequat auctor, nunc nulla vulputate dui, nec tempus mauris erat eget ipsum. Suspendisse sagittis. Nullam vitae diam. Proin dolor. Nulla semper tellus id nunc interdum feugiat. Sed nec metus facilisis lorem tristique aliquet. Phasellus fermentum convallis ligula. Donec luctus aliquet odio. Etiam ligula tortor, dictum eu, placerat eget, venenatis a, magna. Lorem ipsum dolor sit amet, consectetuer adipiscing elit. Etiam laoreet, libero et tristique pellentesque, tellus sem mollis dui, in sodales elit erat vitae risus. Duis a mi fringilla mi lacinia mattis. Integer eu lacus. Quisque imperdiet, erat nonummy ultricies ornare, elit elit fermentum risus, at fringilla purus mauris a nunc. In at pede. Cras vulputate velit eu sem. Pellentesque ut ipsum ac mi eleifend egestas. Sed pharetra, felis eget varius ultrices, mauris ipsum porta elit, a feugiat tellus lorem eu metus. In lorem. Donec elementum, lorem ut aliquam iaculis, lacus pede sagittis augue, eu tempor erat neque non quam. Pellentesque habitant morbi tristique senectus et netus et malesuada fames ac turpis egestas. Aliquam fringilla cursus purus. Nullam scelerisque neque sed sem egestas blandit. Nam nulla magna, malesuada vel, convallis in, cursus et, eros. Proin ultrices. Duis volutpat nunc sit amet metus. Aliquam erat volutpat. Nulla facilisis. Suspendisse commodo tincidunt nibh. Phasellus nulla. Integer vulputate, risus a ultricies adipiscing, enim mi tempor lorem, eget mollis lectus pede et risus. Quisque libero lacus, varius et, euismod et, commodo at, libero. Morbi accumsan laoreet ipsum. Curabitur consequat, lectus sit amet luctus vulputate, nisi sem semper erat, in consectetuer ipsum nunc', null, '0000-00-00', '0');
INSERT INTO `news` VALUES ('159', '6', 'Đây là tiêu đề của bài viết', 'lacinia. Sed congue, elit sed consequat auctor, nunc nulla vulputate', 'http://genk2.vcmedia.vn/dTUDlvZ9Pm5DNNPFeHeiGmyg5Bq4ag/Image/2014/05/lj0520cos10-99436.jpg', '0000-00-00', '0');
INSERT INTO `news` VALUES ('163', '4', 'Đây là tiêu đề của bài viết', 'sapien, gravida non, sollicitudin a, malesuada id, erat. Etiam vestibulum massa rutrum magna. Cras convallis convallis dolor. Quisque tincidunt pede ac urna. Ut tincidunt vehicula risus. Nulla eget metus eu erat semper rutrum. Fusce dolor quam, elementum at, egestas a, scelerisque sed, sapien. Nunc pulvinar arcu et pede. Nunc sed orci lobortis augue scelerisque mollis. Phasellus libero mauris, aliquam eu, accumsan sed, facilisis vitae, orci. Phasellus dapibus quam quis diam. Pellentesque habitant morbi tristique senectus et netus et malesuada fames ac turpis egestas. Fusce aliquet magna a neque. Nullam ut nisi a odio semper cursus. Integer mollis. Integer tincidunt aliquam arcu. Aliquam ultrices iaculis odio. Nam interdum enim non nisi. Aenean eget metus. In nec orci. Donec nibh. Quisque nonummy ipsum non arcu. Vivamus sit amet risus. Donec egestas. Aliquam nec enim. Nunc ut erat. Sed nunc est, mollis non, cursus non, egestas a, dui. Cras pellentesque. Sed dictum. Proin eget odio. Aliquam vulputate ullamcorper magna. Sed eu eros. Nam consequat dolor vitae dolor. Donec fringilla. Donec feugiat metus sit amet ante. Vivamus non lorem vitae odio sagittis semper. Nam tempor diam dictum sapien. Aenean massa. Integer vitae nibh. Donec est mauris, rhoncus id, mollis nec, cursus a, enim. Suspendisse aliquet, sem ut cursus luctus, ipsum leo elementum sem, vitae aliquam eros turpis non enim. Mauris quis turpis vitae purus gravida sagittis. Duis gravida. Praesent eu nulla at sem molestie sodales. Mauris blandit enim consequat purus. Maecenas libero est, congue a, aliquet vel, vulputate eu, odio. Phasellus at augue', 'http://genk2.vcmedia.vn/thumb_w/600/dTUDlvZ9Pm5DNNPFeHeiGmyg5Bq4ag/Image/2014/05/lj0520cos49-99436.jpg', '0000-00-00', '0');
INSERT INTO `news` VALUES ('166', '4', 'Đây là tiêu đề của bài viết', 'dictum. Phasellus in felis. Nulla tempor augue ac ipsum. Phasellus vitae mauris sit amet lorem semper auctor. Mauris vel turpis. Aliquam adipiscing lobortis risus. In mi pede, nonummy ut, molestie in, tempus eu, ligula. Aenean euismod mauris eu elit. Nulla facilisi. Sed neque. Sed eget lacus. Mauris non dui', null, '0000-00-00', '0');
INSERT INTO `news` VALUES ('168', '8', 'Đây là tiêu đề của bài viết', 'dolor egestas', null, '0000-00-00', '0');
INSERT INTO `news` VALUES ('173', '5', 'Đây là tiêu đề của bài viết', 'nec ante blandit viverra. Donec tempus, lorem fringilla ornare placerat, orci lacus vestibulum lorem, sit amet ultricies sem magna nec quam. Curabitur vel lectus. Cum sociis natoque penatibus et magnis dis parturient montes, nascetur ridiculus mus. Donec dignissim magna a tortor. Nunc commodo auctor velit. Aliquam nisl. Nulla eu neque pellentesque massa lobortis ultrices. Vivamus rhoncus. Donec est. Nunc ullamcorper, velit in aliquet lobortis, nisi nibh lacinia orci, consectetuer euismod est arcu ac orci. Ut semper pretium neque. Morbi quis urna. Nunc quis arcu vel quam dignissim pharetra. Nam ac nulla. In tincidunt congue turpis. In condimentum. Donec at arcu. Vestibulum ante ipsum primis in faucibus orci luctus et ultrices posuere cubilia Curae; Donec tincidunt. Donec vitae erat vel pede blandit congue. In scelerisque scelerisque dui. Suspendisse ac metus vitae velit egestas lacinia. Sed congue, elit sed consequat auctor, nunc nulla vulputate dui, nec tempus mauris erat eget ipsum. Suspendisse sagittis. Nullam vitae diam. Proin dolor. Nulla semper tellus id nunc interdum feugiat. Sed nec metus facilisis lorem tristique aliquet. Phasellus fermentum convallis ligula. Donec luctus aliquet odio. Etiam ligula tortor, dictum eu, placerat eget, venenatis a, magna. Lorem ipsum dolor sit amet, consectetuer adipiscing elit. Etiam laoreet, libero et tristique pellentesque, tellus sem mollis dui, in sodales elit erat vitae risus. Duis a mi fringilla mi lacinia mattis. Integer eu lacus. Quisque imperdiet, erat nonummy ultricies ornare, elit elit fermentum risus, at fringilla purus mauris a nunc. In at pede. Cras vulputate velit eu sem. Pellentesque ut ipsum ac mi eleifend egestas. Sed pharetra, felis eget varius ultrices, mauris ipsum porta elit, a', 'http://genk2.vcmedia.vn/thumb_w/600/dTUDlvZ9Pm5DNNPFeHeiGmyg5Bq4ag/Image/2014/05/lj0520cos23-99436.jpg', '0000-00-00', '0');
INSERT INTO `news` VALUES ('177', '16', 'Đây là tiêu đề của bài viết', 'malesuada vel, venenatis vel, faucibus id, libero. Donec consectetuer mauris id sapien. Cras dolor dolor, tempus non, lacinia at, iaculis quis, pede. Praesent eu dui. Cum sociis natoque penatibus et magnis dis parturient montes, nascetur ridiculus mus. Aenean eget magna. Suspendisse tristique neque venenatis lacus. Etiam bibendum fermentum metus. Aenean sed pede nec ante blandit viverra. Donec tempus, lorem fringilla ornare placerat, orci lacus vestibulum lorem, sit amet ultricies sem magna nec quam. Curabitur vel lectus. Cum sociis natoque penatibus et magnis dis parturient montes, nascetur ridiculus mus. Donec dignissim magna a tortor. Nunc commodo auctor velit. Aliquam nisl. Nulla eu neque pellentesque massa lobortis ultrices. Vivamus rhoncus. Donec est. Nunc ullamcorper, velit in aliquet lobortis, nisi nibh lacinia orci, consectetuer euismod est arcu ac orci. Ut semper pretium neque. Morbi quis urna. Nunc quis arcu vel quam dignissim pharetra. Nam ac nulla. In tincidunt congue turpis. In condimentum. Donec at arcu. Vestibulum ante ipsum primis in faucibus orci luctus et ultrices posuere cubilia Curae; Donec tincidunt. Donec vitae erat vel pede blandit congue. In scelerisque scelerisque dui. Suspendisse ac metus vitae velit egestas lacinia. Sed congue, elit sed consequat auctor, nunc nulla vulputate dui, nec tempus mauris erat eget ipsum. Suspendisse sagittis. Nullam vitae diam. Proin dolor. Nulla semper tellus id nunc interdum feugiat. Sed nec metus facilisis lorem tristique aliquet. Phasellus fermentum convallis ligula. Donec luctus aliquet odio. Etiam ligula tortor, dictum eu, placerat eget, venenatis a, magna. Lorem ipsum dolor sit amet, consectetuer adipiscing elit. Etiam laoreet, libero et tristique pellentesque, tellus sem mollis dui, in sodales elit erat vitae risus. Duis a mi fringilla', null, '0000-00-00', '0');
INSERT INTO `news` VALUES ('181', '1', 'Đây là tiêu đề của bài viết', 'Nulla dignissim. Maecenas ornare egestas ligula. Nullam feugiat placerat velit. Quisque varius. Nam porttitor scelerisque neque. Nullam nisl. Maecenas malesuada fringilla est. Mauris eu turpis. Nulla aliquet. Proin velit. Sed malesuada augue ut lacus. Nulla tincidunt, neque vitae semper egestas, urna justo faucibus lectus, a sollicitudin orci sem eget massa. Suspendisse eleifend. Cras sed leo. Cras vehicula aliquet libero. Integer in magna. Phasellus dolor elit, pellentesque a, facilisis non, bibendum sed, est. Nunc laoreet lectus quis massa. Mauris vestibulum, neque sed dictum eleifend, nunc risus varius orci, in consequat enim diam vel arcu. Curabitur ut odio vel est tempor bibendum. Donec felis orci, adipiscing non, luctus sit amet, faucibus ut, nulla. Cras eu tellus eu augue porttitor interdum. Sed auctor odio a purus. Duis elementum, dui quis accumsan convallis, ante lectus convallis est, vitae sodales nisi magna sed dui. Fusce aliquam, enim nec tempus scelerisque, lorem ipsum sodales purus, in molestie tortor nibh sit amet orci. Ut sagittis lobortis mauris. Suspendisse aliquet molestie tellus. Aenean egestas hendrerit neque. In ornare sagittis felis. Donec tempor, est ac mattis semper, dui lectus rutrum urna, nec luctus felis purus ac tellus. Suspendisse sed dolor. Fusce mi lorem, vehicula et, rutrum eu, ultrices sit amet, risus. Donec nibh enim, gravida sit amet, dapibus id, blandit at, nisi. Cum sociis natoque penatibus et magnis dis parturient montes, nascetur ridiculus mus. Proin vel nisl. Quisque fringilla euismod enim. Etiam gravida molestie arcu. Sed eu nibh vulputate mauris sagittis placerat. Cras dictum ultricies ligula. Nullam enim. Sed nulla ante, iaculis nec, eleifend non, dapibus rutrum, justo. Praesent luctus. Curabitur egestas nunc sed libero. Proin sed turpis nec mauris blandit mattis. Cras eget nisi dictum augue malesuada malesuada. Integer id magna et ipsum cursus vestibulum. Mauris magna. Duis dignissim tempor arcu. Vestibulum ut eros non enim commodo hendrerit. Donec porttitor tellus non magna. Nam ligula elit, pretium et, rutrum non, hendrerit id, ante. Nunc mauris sapien, cursus in, hendrerit consectetuer, cursus et, magna. Praesent interdum ligula eu enim. Etiam imperdiet dictum magna. Ut tincidunt orci quis lectus. Nullam suscipit, est ac facilisis facilisis, magna tellus faucibus leo, in lobortis tellus justo sit amet nulla. Donec non justo. Proin non massa non ante bibendum ullamcorper. Duis cursus, diam at pretium aliquet, metus urna convallis erat, eget tincidunt dui augue eu tellus. Phasellus elit pede, malesuada vel, venenatis vel, faucibus id, libero. Donec consectetuer mauris id sapien. Cras dolor dolor, tempus non, lacinia at, iaculis quis, pede. Praesent eu dui. Cum sociis natoque penatibus et magnis dis parturient montes, nascetur ridiculus mus. Aenean eget magna. Suspendisse tristique neque venenatis lacus. Etiam bibendum fermentum metus. Aenean sed', 'http://genk2.vcmedia.vn/dTUDlvZ9Pm5DNNPFeHeiGmyg5Bq4ag/Image/2014/05/lj0520cos25-99436.jpg', '0000-00-00', '0');
INSERT INTO `news` VALUES ('187', '4', 'Đây là tiêu đề của bài viết', 'diam. Duis mi enim, condimentum eget, volutpat ornare, facilisis eget, ipsum. Donec sollicitudin adipiscing ligula. Aenean gravida nunc sed pede. Cum sociis natoque penatibus et magnis dis parturient montes, nascetur ridiculus mus. Proin vel arcu eu odio tristique pharetra. Quisque ac libero nec ligula consectetuer rhoncus. Nullam velit dui, semper et, lacinia vitae, sodales at, velit. Pellentesque ultricies dignissim lacus. Aliquam rutrum lorem ac risus. Morbi metus. Vivamus euismod urna. Nullam lobortis quam a felis ullamcorper viverra. Maecenas iaculis aliquet diam. Sed diam lorem, auctor quis, tristique ac, eleifend vitae, erat. Vivamus nisi. Mauris nulla. Integer urna. Vivamus molestie dapibus ligula.', null, '0000-00-00', '0');
INSERT INTO `news` VALUES ('188', '4', 'Đây là tiêu đề của bài viết', '<p>\r\n	Fusce mollis. Duis sit amet diam eu dolor egestas rhoncus. Proin nisl sem, consequat nec, mollis vitae, posuere at, velit. Cras lorem lorem, luctus ut, pellentesque eget, dictum placerat, augue. Sed molestie. Sed id risus quis diam luctus lobortis. Class aptent taciti sociosqu ad litora torquent per conubia nostra, per inceptos hymenaeos. Mauris ut quam vel sapien imperdiet ornare. In faucibus. Morbi vehicula. Pellentesque tincidunt tempus risus. Donec egestas. Duis ac arcu. Nunc mauris. Morbi non sapien molestie orci tincidunt adipiscing. Mauris molestie pharetra nibh. Aliquam ornare, libero at auctor ullamcorper, nisl arcu iaculis enim, sit amet ornare lectus justo eu arcu. Morbi sit amet massa. Quisque porttitor eros nec tellus. Nunc lectus pede, ultrices a, auctor non, feugiat nec, diam. Duis mi enim, condimentum eget, volutpat ornare, facilisis eget, ipsum. Donec sollicitudin adipiscing ligula. Aenean gravida nunc sed pede. Cum sociis natoque penatibus et magnis dis parturient montes, nascetur ridiculus mus. Proin vel arcu eu odio tristique pharetra. Quisque ac libero nec ligula consectetuer rhoncus. Nullam velit dui, semper et, lacinia vitae, sodales at, velit. Pellentesque ultricies dignissim lacus. Aliquam rutrum lorem ac risus. Morbi metus. Vivamus euismod urna. Nullam lobortis quam a felis ullamcorper viverra. Maecenas iaculis aliquet diam. Sed diam lorem, auctor quis, tristique ac, eleifend vitae, erat. Vivamus nisi. Mauris nulla. Integer urna. Vivamus molestie dapibus ligula. Aliquam erat volutpat. Nulla dignissim. Maecenas ornare egestas ligula. Nullam feugiat placerat velit. Quisque varius. Nam porttitor scelerisque neque. Nullam nisl. Maecenas malesuada fringilla est. Mauris eu turpis. Nulla aliquet. Proin velit. Sed malesuada augue ut lacus. Nulla tincidunt, neque vitae semper egestas, urna justo faucibus lectus, a sollicitudin orci sem eget</p>\r\n', '', '2014-06-15', '0');

-- ----------------------------
-- Table structure for `product`
-- ----------------------------
DROP TABLE IF EXISTS `product`;
CREATE TABLE `product` (
  `id` int(11) NOT NULL AUTO_INCREMENT,
  `name` varchar(255) DEFAULT NULL,
  `cat_id` int(11) DEFAULT NULL,
  `description` varchar(255) DEFAULT NULL,
  `price` varchar(255) DEFAULT NULL,
  `image` varchar(256) DEFAULT NULL,
  PRIMARY KEY (`id`)
) ENGINE=InnoDB DEFAULT CHARSET=utf8;

-- ----------------------------
-- Records of product
-- ----------------------------

-- ----------------------------
-- Table structure for `shop_address`
-- ----------------------------
DROP TABLE IF EXISTS `shop_address`;
CREATE TABLE `shop_address` (
  `id` int(11) NOT NULL AUTO_INCREMENT,
  `firstname` varchar(255) NOT NULL,
  `lastname` varchar(255) NOT NULL,
  `street` varchar(255) NOT NULL,
  `zipcode` varchar(255) NOT NULL,
  `city` varchar(255) NOT NULL,
  `country` varchar(255) NOT NULL,
  PRIMARY KEY (`id`)
) ENGINE=MyISAM AUTO_INCREMENT=4 DEFAULT CHARSET=latin1;

-- ----------------------------
-- Records of shop_address
-- ----------------------------
INSERT INTO `shop_address` VALUES ('1', 'Ph?m v?n ', '??nh', 'Phù L?u', 'Ki?n An', 'H?i Phòng', 'Vi?t Nam');
INSERT INTO `shop_address` VALUES ('2', 'Ph?m v?n ', '??nh', 'Phù L?u', 'Ki?n An', 'H?i Phòng', 'Vi?t Nam');
INSERT INTO `shop_address` VALUES ('3', '1', '??nh', 'Phù L?u', 'Ki?n An', 'H?i Phòng', 'Vi?t Nam');

-- ----------------------------
-- Table structure for `shop_category`
-- ----------------------------
DROP TABLE IF EXISTS `shop_category`;
CREATE TABLE `shop_category` (
  `category_id` int(11) NOT NULL AUTO_INCREMENT,
  `parent_id` int(11) DEFAULT NULL,
  `title` varchar(45) NOT NULL,
  `description` text,
  `language` varchar(45) DEFAULT NULL,
  PRIMARY KEY (`category_id`)
) ENGINE=MyISAM AUTO_INCREMENT=6 DEFAULT CHARSET=utf8;

-- ----------------------------
-- Records of shop_category
-- ----------------------------
INSERT INTO `shop_category` VALUES ('1', '0', 'Primary Articles', null, null);
INSERT INTO `shop_category` VALUES ('2', '0', 'Secondary Articles', null, null);
INSERT INTO `shop_category` VALUES ('3', '1', 'Red Primary Articles', null, null);
INSERT INTO `shop_category` VALUES ('4', '1', 'Green Primary Articles', null, null);
INSERT INTO `shop_category` VALUES ('5', '2', 'Red Secondary Articles', null, null);

-- ----------------------------
-- Table structure for `shop_customer`
-- ----------------------------
DROP TABLE IF EXISTS `shop_customer`;
CREATE TABLE `shop_customer` (
  `customer_id` int(11) NOT NULL AUTO_INCREMENT,
  `user_id` int(11) DEFAULT NULL,
  `address_id` int(11) NOT NULL,
  `delivery_address_id` int(11) NOT NULL,
  `billing_address_id` int(11) NOT NULL,
  `email` varchar(45) NOT NULL,
  PRIMARY KEY (`customer_id`)
) ENGINE=MyISAM DEFAULT CHARSET=utf8;

-- ----------------------------
-- Records of shop_customer
-- ----------------------------

-- ----------------------------
-- Table structure for `shop_image`
-- ----------------------------
DROP TABLE IF EXISTS `shop_image`;
CREATE TABLE `shop_image` (
  `id` int(11) NOT NULL AUTO_INCREMENT,
  `title` varchar(45) NOT NULL,
  `filename` varchar(45) NOT NULL,
  `product_id` int(11) NOT NULL,
  PRIMARY KEY (`id`),
  KEY `fk_Image_Products` (`product_id`)
) ENGINE=MyISAM AUTO_INCREMENT=4 DEFAULT CHARSET=utf8;

-- ----------------------------
-- Records of shop_image
-- ----------------------------
INSERT INTO `shop_image` VALUES ('1', 'Bàn học sinh cấp 2', 'ban-hoc-sinh-cap1-BHS201.jpg', '4');
INSERT INTO `shop_image` VALUES ('2', 'Bàn học sinh cấp 2', 'ban-hoc-sinh-cap1-BHS201.jpg', '4');
INSERT INTO `shop_image` VALUES ('3', 'Bàn học sinh viên', 'ban-hoc-sinh-vien-BHSV032.gif', '3');

-- ----------------------------
-- Table structure for `shop_order`
-- ----------------------------
DROP TABLE IF EXISTS `shop_order`;
CREATE TABLE `shop_order` (
  `order_id` int(11) NOT NULL AUTO_INCREMENT,
  `customer_id` int(11) NOT NULL,
  `delivery_address_id` int(11) NOT NULL,
  `billing_address_id` int(11) NOT NULL,
  `ordering_date` int(11) NOT NULL,
  `ordering_done` tinyint(1) DEFAULT NULL,
  `ordering_confirmed` tinyint(1) DEFAULT NULL,
  `payment_method` int(11) NOT NULL,
  `shipping_method` int(11) NOT NULL,
  `comment` text,
  PRIMARY KEY (`order_id`),
  KEY `fk_order_customer` (`customer_id`)
) ENGINE=MyISAM DEFAULT CHARSET=utf8;

-- ----------------------------
-- Records of shop_order
-- ----------------------------

-- ----------------------------
-- Table structure for `shop_order_position`
-- ----------------------------
DROP TABLE IF EXISTS `shop_order_position`;
CREATE TABLE `shop_order_position` (
  `id` int(11) NOT NULL AUTO_INCREMENT,
  `order_id` int(11) NOT NULL,
  `product_id` int(11) NOT NULL,
  `amount` int(11) NOT NULL,
  `specifications` text NOT NULL,
  PRIMARY KEY (`id`)
) ENGINE=MyISAM DEFAULT CHARSET=latin1;

-- ----------------------------
-- Records of shop_order_position
-- ----------------------------

-- ----------------------------
-- Table structure for `shop_payment_method`
-- ----------------------------
DROP TABLE IF EXISTS `shop_payment_method`;
CREATE TABLE `shop_payment_method` (
  `id` int(10) unsigned NOT NULL AUTO_INCREMENT,
  `title` varchar(255) NOT NULL,
  `description` text,
  `tax_id` int(11) NOT NULL,
  `price` double NOT NULL,
  PRIMARY KEY (`id`)
) ENGINE=MyISAM AUTO_INCREMENT=6 DEFAULT CHARSET=latin1;

-- ----------------------------
-- Records of shop_payment_method
-- ----------------------------
INSERT INTO `shop_payment_method` VALUES ('1', 'cash', 'You pay cash', '1', '0');
INSERT INTO `shop_payment_method` VALUES ('2', 'advance Payment', 'You pay in advance, we deliver', '1', '0');
INSERT INTO `shop_payment_method` VALUES ('3', 'cash on delivery', 'You pay when we deliver', '1', '0');
INSERT INTO `shop_payment_method` VALUES ('4', 'invoice', 'We deliver and send a invoice', '1', '0');
INSERT INTO `shop_payment_method` VALUES ('5', 'paypal', 'You pay by paypal', '1', '0');

-- ----------------------------
-- Table structure for `shop_products`
-- ----------------------------
DROP TABLE IF EXISTS `shop_products`;
CREATE TABLE `shop_products` (
  `product_id` int(11) NOT NULL AUTO_INCREMENT,
  `category_id` int(11) NOT NULL,
  `tax_id` int(11) NOT NULL,
  `title` varchar(45) NOT NULL,
  `description` text,
  `price` varchar(45) DEFAULT NULL,
  `language` varchar(45) DEFAULT NULL,
  `specifications` text,
  PRIMARY KEY (`product_id`),
  KEY `fk_products_category` (`category_id`)
) ENGINE=MyISAM AUTO_INCREMENT=5 DEFAULT CHARSET=utf8;

-- ----------------------------
-- Records of shop_products
-- ----------------------------
INSERT INTO `shop_products` VALUES ('1', '1', '1', 'Demonstration of Article with variations', 'Hello, World!', '19.99', null, null);
INSERT INTO `shop_products` VALUES ('2', '1', '2', 'Another Demo Article with less Tax', '!!', '29.99', null, null);
INSERT INTO `shop_products` VALUES ('3', '2', '1', 'Bàn học sinh viên', 'Loại bàn cao cấp, chât liệu hoàn toàn được làm bằng gỗ công nghiệp MDF, đã qua xử lý chống cong vênh mối mọt. Bề mặt được phủ một lớp sơn dày đẹp sáng bóng.', '3.200.000 VNĐ', null, '{\"Size\":\"Free size\",\"Color\":\"V\\u00e0ng n\\u00e2u.\",\"Some random attribute\":\"\\u0110ang c\\u1eadp nh\\u1eadt...\",\"Material\":\"G\\u1ed7 c\\u00f4ng nghi\\u1ec7p\",\"Specific number\":\"2\"}');
INSERT INTO `shop_products` VALUES ('4', '4', '1', 'Bàn học sinh cấp 2', '', '7, 55', null, '{\"Size\":\"38\",\"Color\":\"\\u0110en\",\"Some random attribute\":\"\\u0110ang c\\u1eadp nh\\u1eadt...\",\"Material\":\"\\u0110ang c\\u1eadp nh\\u1eadt...\",\"Specific number\":\"1\"}');

-- ----------------------------
-- Table structure for `shop_product_specification`
-- ----------------------------
DROP TABLE IF EXISTS `shop_product_specification`;
CREATE TABLE `shop_product_specification` (
  `id` int(11) NOT NULL AUTO_INCREMENT,
  `title` varchar(255) NOT NULL,
  `is_user_input` tinyint(1) DEFAULT NULL,
  `required` tinyint(1) DEFAULT NULL,
  PRIMARY KEY (`id`)
) ENGINE=MyISAM AUTO_INCREMENT=6 DEFAULT CHARSET=latin1;

-- ----------------------------
-- Records of shop_product_specification
-- ----------------------------
INSERT INTO `shop_product_specification` VALUES ('1', 'Size', '0', '1');
INSERT INTO `shop_product_specification` VALUES ('2', 'Color', '0', '0');
INSERT INTO `shop_product_specification` VALUES ('3', 'Some random attribute', '0', '0');
INSERT INTO `shop_product_specification` VALUES ('4', 'Material', '0', '1');
INSERT INTO `shop_product_specification` VALUES ('5', 'Specific number', '1', '1');

-- ----------------------------
-- Table structure for `shop_product_variation`
-- ----------------------------
DROP TABLE IF EXISTS `shop_product_variation`;
CREATE TABLE `shop_product_variation` (
  `id` int(11) NOT NULL AUTO_INCREMENT,
  `product_id` int(11) NOT NULL,
  `specification_id` int(11) NOT NULL,
  `position` int(11) NOT NULL,
  `title` varchar(255) NOT NULL,
  `price_adjustion` float NOT NULL,
  PRIMARY KEY (`id`)
) ENGINE=MyISAM AUTO_INCREMENT=7 DEFAULT CHARSET=latin1;

-- ----------------------------
-- Records of shop_product_variation
-- ----------------------------
INSERT INTO `shop_product_variation` VALUES ('1', '1', '1', '2', 'variation1', '3');
INSERT INTO `shop_product_variation` VALUES ('2', '1', '1', '3', 'variation2', '6');
INSERT INTO `shop_product_variation` VALUES ('3', '1', '2', '4', 'variation3', '9');
INSERT INTO `shop_product_variation` VALUES ('4', '1', '5', '1', 'please enter a number here', '0');
INSERT INTO `shop_product_variation` VALUES ('5', '4', '1', '0', 'please enter a number here', '0');
INSERT INTO `shop_product_variation` VALUES ('6', '3', '1', '0', 'please enter a number here', '0');

-- ----------------------------
-- Table structure for `shop_shipping_method`
-- ----------------------------
DROP TABLE IF EXISTS `shop_shipping_method`;
CREATE TABLE `shop_shipping_method` (
  `id` int(10) unsigned NOT NULL AUTO_INCREMENT,
  `title` varchar(255) NOT NULL,
  `description` text,
  `tax_id` int(11) NOT NULL,
  `price` double NOT NULL,
  PRIMARY KEY (`id`)
) ENGINE=MyISAM AUTO_INCREMENT=2 DEFAULT CHARSET=latin1;

-- ----------------------------
-- Records of shop_shipping_method
-- ----------------------------
INSERT INTO `shop_shipping_method` VALUES ('1', 'Delivery by postal Service', 'We deliver by Postal Service. 2.99 units of money are charged for that', '1', '2.99');

-- ----------------------------
-- Table structure for `shop_tax`
-- ----------------------------
DROP TABLE IF EXISTS `shop_tax`;
CREATE TABLE `shop_tax` (
  `id` int(11) NOT NULL AUTO_INCREMENT,
  `title` varchar(255) NOT NULL,
  `percent` int(11) NOT NULL,
  PRIMARY KEY (`id`)
) ENGINE=MyISAM AUTO_INCREMENT=3 DEFAULT CHARSET=latin1;

-- ----------------------------
-- Records of shop_tax
-- ----------------------------
INSERT INTO `shop_tax` VALUES ('1', '19%', '19');
INSERT INTO `shop_tax` VALUES ('2', '7%', '7');

-- ----------------------------
-- Table structure for `type`
-- ----------------------------
DROP TABLE IF EXISTS `type`;
CREATE TABLE `type` (
  `id` int(11) NOT NULL AUTO_INCREMENT,
  `type_name` varchar(255) COLLATE utf8_unicode_ci DEFAULT NULL,
  PRIMARY KEY (`id`)
) ENGINE=InnoDB AUTO_INCREMENT=16 DEFAULT CHARSET=utf8 COLLATE=utf8_unicode_ci;

-- ----------------------------
-- Records of type
-- ----------------------------
INSERT INTO `type` VALUES ('4', 't');
INSERT INTO `type` VALUES ('5', 'ba');
INSERT INTO `type` VALUES ('14', '1212');
INSERT INTO `type` VALUES ('15', '23');

-- ----------------------------
-- Table structure for `user`
-- ----------------------------
DROP TABLE IF EXISTS `user`;
CREATE TABLE `user` (
  `id` int(11) NOT NULL AUTO_INCREMENT,
  `username` varchar(255) NOT NULL,
  `mobile` varchar(255) NOT NULL,
  `email` varchar(255) NOT NULL,
  `facebook` varchar(255) DEFAULT NULL,
  `twitter` varchar(255) DEFAULT NULL,
  `skype` varchar(255) DEFAULT NULL,
  `address` varchar(255) DEFAULT NULL,
  `gender` tinyint(1) DEFAULT NULL,
  `is_admin` tinyint(1) DEFAULT NULL,
  `password` varchar(255) DEFAULT NULL,
  `first_name` varchar(255) DEFAULT NULL,
  `last_name` varchar(255) DEFAULT NULL,
  `created_at` datetime DEFAULT NULL,
  `role` int(11) DEFAULT NULL,
  PRIMARY KEY (`id`)
) ENGINE=InnoDB AUTO_INCREMENT=91 DEFAULT CHARSET=utf8;

-- ----------------------------
-- Records of user
-- ----------------------------
INSERT INTO `user` VALUES ('1', 'Luke Harper', '071-019-5588', 'euismod.et@sit.co.uk', 'Duncan Campos', 'Tiger Olson', 'Tiger Olson', '1468 Nunc Rd.', '1', '1', 'euismod ac, fermentum vel, mauris. Integer sem elit, pharetra ut,', 'Bernard', 'Nichole', '2007-12-14 00:00:00', null);
INSERT INTO `user` VALUES ('2', 'August Clements', '075-821-9353', 'In.ornare.sagittis@Proin.co.uk', 'Yoko Phelps', 'Devin Vargas', 'Devin Vargas', 'P.O. Box 776, 4755 Proin Street', '0', '1', 'semper. Nam tempor diam dictum sapien. Aenean massa. Integer vitae', 'Ashton', 'Melissa', '2004-06-14 00:00:00', null);
INSERT INTO `user` VALUES ('3', 'Cullen Brewer', '015-220-0793', 'Nullam.feugiat.placerat@Integer.ca', 'Pandora Randolph', 'Alfonso Compton', 'Alfonso Compton', '688-8091 Tempor Rd.', '1', '0', 'tellus. Aenean egestas hendrerit neque. In ornare sagittis felis. Donec', 'Alden', 'Marah', '2016-10-13 00:00:00', null);
INSERT INTO `user` VALUES ('4', 'Burke Richards', '052-663-2815', 'interdum.Sed@atnisi.com', 'Amir Davidson', 'Karyn Coleman', 'Karyn Coleman', 'Ap #732-2709 Lectus Street', '1', '1', 'Suspendisse commodo tincidunt nibh. Phasellus nulla. Integer vulputate, risus a', 'Adam', 'Willow', '2028-11-14 00:00:00', null);
INSERT INTO `user` VALUES ('5', 'Galvin Lopez', '079-547-4305', 'erat.vel.pede@nuncQuisque.edu', 'Jesse Pena', 'TaShya Rosales', 'TaShya Rosales', 'Ap #414-4844 Nunc St.', '0', '1', 'arcu. Nunc mauris. Morbi non sapien molestie orci tincidunt adipiscing.', 'Camden', 'Yuri', '2008-05-15 00:00:00', null);
INSERT INTO `user` VALUES ('6', 'Lionel Cotton', '009-028-0926', 'Sed.molestie.Sed@enimcommodo.com', 'Xenos Harding', 'Camilla Summers', 'Camilla Summers', '256-9239 Ante Rd.', '0', '1', 'magna. Nam ligula elit, pretium et, rutrum non, hendrerit id,', 'Tucker', 'Sydney', '2024-08-14 00:00:00', null);
INSERT INTO `user` VALUES ('7', 'Garrett England', '013-305-0408', 'urna@luctusfelispurus.edu', 'Chiquita Clarke', 'Ivan Vinson', 'Ivan Vinson', 'P.O. Box 310, 7695 Nulla. St.', '1', '0', 'et, euismod et, commodo at, libero. Morbi accumsan laoreet ipsum.', 'Vincent', 'Yoshi', '2026-09-14 00:00:00', null);
INSERT INTO `user` VALUES ('8', 'Michael Knapp', '049-270-3916', 'ligula@sedtortor.co.uk', 'Uriah Morris', 'Jonah Dotson', 'Jonah Dotson', '913-1300 Mauris, Ave', '1', '1', 'dapibus rutrum, justo. Praesent luctus. Curabitur egestas nunc sed libero.', 'Malcolm', 'Keelie', '2003-09-14 00:00:00', null);
INSERT INTO `user` VALUES ('9', 'Cade Park', '080-886-3276', 'quis.diam.luctus@quisdiam.org', 'Guinevere Pratt', 'Lunea Vasquez', 'Lunea Vasquez', '368-2229 Tellus St.', '0', '1', 'enim. Mauris quis turpis vitae purus gravida sagittis. Duis gravida.', 'Bruno', 'Iliana', '2027-02-14 00:00:00', null);
INSERT INTO `user` VALUES ('10', 'Jesse Hebert', '067-247-3609', 'laoreet.ipsum.Curabitur@odioEtiam.net', 'Elmo Boyer', 'Nomlanga Mcdowell', 'Nomlanga Mcdowell', 'Ap #776-8819 Quis Avenue', '1', '1', 'fermentum fermentum arcu. Vestibulum ante ipsum primis in faucibus orci', 'Dante', 'Elizabeth', '2007-08-13 00:00:00', null);
INSERT INTO `user` VALUES ('11', 'John Yates', '082-832-4277', 'ridiculus.mus@eutellus.org', 'Abel Thomas', 'Jenette Watson', 'Jenette Watson', '532-8518 Semper Road', '0', '1', 'ipsum. Curabitur consequat, lectus sit amet luctus vulputate, nisi sem', 'Zahir', 'Morgan', '2027-12-13 00:00:00', null);
INSERT INTO `user` VALUES ('12', 'Bert Holmes', '045-248-8885', 'ante@fringillaDonec.org', 'Rigel Fisher', 'Abdul Mitchell', 'Abdul Mitchell', '273-368 Bibendum. Av.', '1', '0', 'primis in faucibus orci luctus et ultrices posuere cubilia Curae;', 'Lev', 'Azalia', '2020-09-13 00:00:00', null);
INSERT INTO `user` VALUES ('13', 'Fritz Simon', '050-742-8606', 'purus@placeratCras.org', 'Inga Logan', 'Adrian Brennan', 'Adrian Brennan', 'Ap #787-9299 Metus Rd.', '0', '1', 'erat neque non quam. Pellentesque habitant morbi tristique senectus et', 'Macaulay', 'Celeste', '2003-01-15 00:00:00', null);
INSERT INTO `user` VALUES ('14', 'Quinn Calderon', '053-167-6305', 'Nam.tempor.diam@disparturientmontes.com', 'Sloane Ellis', 'Dana Le', 'Dana Le', '122-3466 Nibh Street', '0', '0', 'Vivamus nisi. Mauris nulla. Integer urna. Vivamus molestie dapibus ligula.', 'Cody', 'Regina', '2026-09-13 00:00:00', null);
INSERT INTO `user` VALUES ('15', 'Oren Mcguire', '088-691-2056', 'at.pede@condimentumDonec.org', 'Buffy Barnett', 'Jamal Watts', 'Jamal Watts', '831 Ligula. Road', '0', '1', 'Donec sollicitudin adipiscing ligula. Aenean gravida nunc sed pede. Cum', 'Forrest', 'Jenna', '2018-08-14 00:00:00', null);
INSERT INTO `user` VALUES ('16', 'Jamal Benton', '008-470-8157', 'egestas.rhoncus.Proin@Morbi.org', 'Leigh Bentley', 'Latifah Hobbs', 'Latifah Hobbs', '746-926 Mi St.', '1', '1', 'mollis. Phasellus libero mauris, aliquam eu, accumsan sed, facilisis vitae,', 'Kevin', 'Holly', '2024-03-14 00:00:00', null);
INSERT INTO `user` VALUES ('17', 'Cairo Olsen', '079-411-3051', 'mollis@maurisMorbi.net', 'Rowan Oneill', 'Harper Campbell', 'Harper Campbell', '141-1011 Ipsum Rd.', '0', '1', 'Curabitur ut odio vel est tempor bibendum. Donec felis orci,', 'Joshua', 'Stacey', '2028-05-15 00:00:00', null);
INSERT INTO `user` VALUES ('18', 'Basil Waters', '052-996-3390', 'Integer.id@non.co.uk', 'Carl Marshall', 'Chastity Castaneda', 'Chastity Castaneda', '8873 Mauris, Rd.', '1', '1', 'Morbi quis urna. Nunc quis arcu vel quam dignissim pharetra.', 'Dieter', 'Ila', '2026-09-14 00:00:00', null);
INSERT INTO `user` VALUES ('19', 'Maxwell Cortez', '023-653-1214', 'dictum.augue.malesuada@tellus.co.uk', 'Aaron Cannon', 'Leslie Blair', 'Leslie Blair', 'P.O. Box 534, 3444 Tempor, St.', '1', '0', 'Nunc laoreet lectus quis massa. Mauris vestibulum, neque sed dictum', 'Patrick', 'Iola', '2011-03-15 00:00:00', null);
INSERT INTO `user` VALUES ('20', 'Davis Wells', '042-769-2832', 'vel@dui.com', 'Zeus Cardenas', 'Mary Mcfarland', 'Mary Mcfarland', '9524 Nec, Street', '1', '1', 'ligula. Nullam feugiat placerat velit. Quisque varius. Nam porttitor scelerisque', 'Lucian', 'Nichole', '2027-02-14 00:00:00', null);
INSERT INTO `user` VALUES ('21', 'Warren Erickson', '058-355-2198', 'in.hendrerit.consectetuer@ametnulla.co.uk', 'Holmes Becker', 'Hollee Mckay', 'Hollee Mckay', '3449 Pretium Avenue', '0', '0', 'Proin vel arcu eu odio tristique pharetra. Quisque ac libero', 'Harding', 'Pascale', '2007-09-13 00:00:00', null);
INSERT INTO `user` VALUES ('22', 'Jesse Hoover', '023-393-9977', 'non@nibhsitamet.co.uk', 'Sophia Wright', 'Tashya Cash', 'Tashya Cash', '499-1033 Arcu. Av.', '0', '0', 'magna. Duis dignissim tempor arcu. Vestibulum ut eros non enim', 'Oscar', 'Rana', '2027-04-15 00:00:00', null);
INSERT INTO `user` VALUES ('23', 'Ira Roberts', '033-313-0761', 'elit.Curabitur.sed@magnaaneque.co.uk', 'Martina Burris', 'Hamish Wallace', 'Hamish Wallace', 'P.O. Box 645, 3262 Duis Street', '0', '1', 'diam. Sed diam lorem, auctor quis, tristique ac, eleifend vitae,', 'Hamilton', 'Briar', '2029-11-14 00:00:00', null);
INSERT INTO `user` VALUES ('24', 'Jelani Coffey', '073-083-2520', 'aliquet.Phasellus@ipsumSuspendisse.co.uk', 'Britanney Bullock', 'Cullen Graves', 'Cullen Graves', '904-2907 Lacus. Rd.', '1', '0', 'dui augue eu tellus. Phasellus elit pede, malesuada vel, venenatis', 'Colton', 'Cassandra', '2022-07-13 00:00:00', null);
INSERT INTO `user` VALUES ('25', 'Derek Owens', '011-642-4444', 'sapien.imperdiet.ornare@Quisque.org', 'Vanna Ross', 'Kyra Compton', 'Kyra Compton', '3565 Erat, St.', '1', '1', 'et magnis dis parturient montes, nascetur ridiculus mus. Proin vel', 'Rafael', 'Chastity', '2008-10-14 00:00:00', null);
INSERT INTO `user` VALUES ('26', 'Dale Price', '081-860-3559', 'consectetuer.ipsum.nunc@egestasDuisac.ca', 'Bianca Medina', 'Cheryl Foster', 'Cheryl Foster', 'P.O. Box 638, 1784 Habitant St.', '0', '1', 'consequat, lectus sit amet luctus vulputate, nisi sem semper erat,', 'Trevor', 'Grace', '2005-10-13 00:00:00', null);
INSERT INTO `user` VALUES ('27', 'Nathan Cardenas', '093-684-9327', 'mollis.nec.cursus@nuncnullavulputate.com', 'Buffy Sparks', 'Christine Barnett', 'Christine Barnett', 'P.O. Box 303, 7094 Sed St.', '0', '1', 'sit amet risus. Donec egestas. Aliquam nec enim. Nunc ut', 'Byron', 'Indira', '2028-12-14 00:00:00', null);
INSERT INTO `user` VALUES ('28', 'Bert Atkinson', '050-334-2498', 'augue@vitaerisus.ca', 'Reagan Le', 'Vera Spence', 'Vera Spence', '5933 Per St.', '1', '0', 'blandit at, nisi. Cum sociis natoque penatibus et magnis dis', 'Quentin', 'Bertha', '2030-05-14 00:00:00', null);
INSERT INTO `user` VALUES ('29', 'Kennan Hayden', '000-582-1552', 'arcu.Sed.et@egetipsumDonec.com', 'Paki Pope', 'Hollee Sheppard', 'Hollee Sheppard', '1248 Laoreet Rd.', '0', '0', 'ut, nulla. Cras eu tellus eu augue porttitor interdum. Sed', 'Jackson', 'Celeste', '2009-05-14 00:00:00', null);
INSERT INTO `user` VALUES ('30', 'Vance Buck', '065-826-8408', 'luctus.Curabitur.egestas@vitae.edu', 'Edward Mckenzie', 'Lydia Davis', 'Lydia Davis', 'P.O. Box 297, 747 Mauris Ave', '1', '0', 'erat eget ipsum. Suspendisse sagittis. Nullam vitae diam. Proin dolor.', 'Coby', 'Urielle', '2014-01-15 00:00:00', null);
INSERT INTO `user` VALUES ('31', 'Abraham Sparks', '092-475-0497', 'bibendum.ullamcorper@acmattisornare.co.uk', 'Dacey Lucas', 'Gage Graves', 'Gage Graves', '789-2515 Est. Street', '1', '0', 'non, feugiat nec, diam. Duis mi enim, condimentum eget, volutpat', 'Orson', 'Dai', '2012-04-15 00:00:00', null);
INSERT INTO `user` VALUES ('32', 'Zeph Stanley', '018-827-1766', 'Curabitur.vel.lectus@non.ca', 'Jenna Bright', 'Graiden Simon', 'Graiden Simon', '895 Amet St.', '0', '1', 'Vivamus nibh dolor, nonummy ac, feugiat non, lobortis quis, pede.', 'Hop', 'Jasmine', '2013-01-14 00:00:00', null);
INSERT INTO `user` VALUES ('33', 'Branden Bean', '066-811-6071', 'Mauris.eu@velit.org', 'Dai Contreras', 'Clark Luna', 'Clark Luna', 'Ap #798-9337 Diam Avenue', '0', '1', 'at, nisi. Cum sociis natoque penatibus et magnis dis parturient', 'Carson', 'Heidi', '2003-06-14 00:00:00', null);
INSERT INTO `user` VALUES ('34', 'Nehru Fitzgerald', '061-799-5561', 'tellus.non@neceuismodin.edu', 'Porter Flowers', 'Vera Middleton', 'Vera Middleton', '575-2105 Sit Road', '1', '0', 'amet lorem semper auctor. Mauris vel turpis. Aliquam adipiscing lobortis', 'Levi', 'Lillith', '2021-04-14 00:00:00', null);
INSERT INTO `user` VALUES ('35', 'Benedict Morales', '001-237-8204', 'feugiat.Lorem@posuere.ca', 'Jocelyn Anthony', 'Madison Welch', 'Madison Welch', '7991 Ornare. Ave', '1', '1', 'eget magna. Suspendisse tristique neque venenatis lacus. Etiam bibendum fermentum', 'Howard', 'Haviva', '2013-09-14 00:00:00', null);
INSERT INTO `user` VALUES ('36', 'Wing Sanford', '061-716-7331', 'et@ligulaeuenim.edu', 'Clare Glover', 'Kitra Warren', 'Kitra Warren', 'P.O. Box 205, 7154 Faucibus Road', '0', '0', 'Donec at arcu. Vestibulum ante ipsum primis in faucibus orci', 'Peter', 'Jasmine', '2018-02-15 00:00:00', null);
INSERT INTO `user` VALUES ('37', 'Felix Hoffman', '099-194-4820', 'at.lacus@lacusCras.co.uk', 'Zeus Mullins', 'April Maxwell', 'April Maxwell', 'P.O. Box 338, 4285 Lobortis Ave', '1', '0', 'Nam interdum enim non nisi. Aenean eget metus. In nec', 'Timon', 'Cathleen', '2003-02-15 00:00:00', null);
INSERT INTO `user` VALUES ('38', 'Russell Cardenas', '077-988-6274', 'orci@ligula.com', 'Ezra Moreno', 'Mercedes Cox', 'Mercedes Cox', '1284 Sit Rd.', '0', '0', 'erat neque non quam. Pellentesque habitant morbi tristique senectus et', 'Maxwell', 'Chloe', '2020-03-15 00:00:00', null);
INSERT INTO `user` VALUES ('39', 'Thaddeus Gilmore', '097-115-3461', 'Quisque.fringilla.euismod@bibendum.ca', 'Garrett Ayala', 'Gillian Keller', 'Gillian Keller', '9772 In Road', '0', '0', 'lorem, eget mollis lectus pede et risus. Quisque libero lacus,', 'Tiger', 'Veda', '2025-06-14 00:00:00', null);
INSERT INTO `user` VALUES ('40', 'Stephen Franklin', '022-349-8105', 'arcu.Nunc.mauris@justoeu.org', 'Haviva Humphrey', 'Justina Ewing', 'Justina Ewing', '7257 Ipsum Street', '1', '0', 'mollis. Duis sit amet diam eu dolor egestas rhoncus. Proin', 'Finn', 'Melissa', '2026-01-15 00:00:00', null);
INSERT INTO `user` VALUES ('41', 'Julian Hall', '003-770-1015', 'sem@convallis.org', 'Hadassah Jacobs', 'Nasim Buckner', 'Nasim Buckner', '682-8169 Ut Avenue', '1', '0', 'auctor velit. Aliquam nisl. Nulla eu neque pellentesque massa lobortis', 'Giacomo', 'Frances', '2004-06-13 00:00:00', null);
INSERT INTO `user` VALUES ('42', 'Amos Anderson', '050-468-3750', 'non.massa.non@etultricesposuere.co.uk', 'Bianca Randolph', 'Beverly Sykes', 'Beverly Sykes', '7278 Etiam St.', '0', '1', 'rutrum urna, nec luctus felis purus ac tellus. Suspendisse sed', 'Jackson', 'Whitney', '2002-04-15 00:00:00', null);
INSERT INTO `user` VALUES ('43', 'Kareem Mcguire', '038-888-6955', 'purus.mauris.a@Nullaeget.com', 'Griffin Jacobs', 'Maggy Lancaster', 'Maggy Lancaster', '643-6697 Enim Road', '1', '0', 'Mauris ut quam vel sapien imperdiet ornare. In faucibus. Morbi', 'Kareem', 'Adena', '2003-07-13 00:00:00', null);
INSERT INTO `user` VALUES ('44', 'Len Ochoa', '020-769-9658', 'sem.ut.cursus@cubiliaCurae.edu', 'Jael Blackburn', 'Savannah Nelson', 'Savannah Nelson', '728-2333 Quisque Av.', '0', '0', 'primis in faucibus orci luctus et ultrices posuere cubilia Curae;', 'Marsden', 'Christine', '2022-08-14 00:00:00', null);
INSERT INTO `user` VALUES ('45', 'Daquan Bowen', '044-910-2215', 'lectus@velitAliquamnisl.co.uk', 'Porter Newman', 'Wendy Mendoza', 'Wendy Mendoza', '278 Sodales. Ave', '1', '0', 'imperdiet ullamcorper. Duis at lacus. Quisque purus sapien, gravida non,', 'Colt', 'Basia', '2008-07-13 00:00:00', null);
INSERT INTO `user` VALUES ('46', 'Vaughan Hogan', '082-080-0717', 'facilisis.eget.ipsum@lacusAliquamrutrum.org', 'Britanni Moss', 'Venus Delacruz', 'Venus Delacruz', 'Ap #272-2207 Sed St.', '0', '0', 'neque sed sem egestas blandit. Nam nulla magna, malesuada vel,', 'Zachery', 'Alfreda', '2004-02-14 00:00:00', null);
INSERT INTO `user` VALUES ('47', 'Jin Herman', '089-736-6099', 'faucibus.Morbi.vehicula@duiSuspendisse.edu', 'Iris Rodgers', 'Marsden Mcgee', 'Marsden Mcgee', '883-4103 Et Rd.', '1', '0', 'elit. Etiam laoreet, libero et tristique pellentesque, tellus sem mollis', 'Merritt', 'Sade', '2030-01-14 00:00:00', null);
INSERT INTO `user` VALUES ('48', 'Lane Oconnor', '027-744-3188', 'odio@adipiscing.com', 'Brent Leach', 'Patrick Lloyd', 'Patrick Lloyd', '753-6075 Nisi Rd.', '1', '1', 'sit amet, consectetuer adipiscing elit. Curabitur sed tortor. Integer aliquam', 'Xander', 'Imelda', '2021-01-15 00:00:00', null);
INSERT INTO `user` VALUES ('49', 'Austin Boyle', '027-645-8283', 'magna.Duis@tellus.org', 'Autumn Stewart', 'Ivy Bailey', 'Ivy Bailey', '242-1639 Sed Avenue', '0', '1', 'erat nonummy ultricies ornare, elit elit fermentum risus, at fringilla', 'Macaulay', 'Celeste', '2028-03-14 00:00:00', null);
INSERT INTO `user` VALUES ('50', 'Xanthus Harmon', '038-449-7913', 'lorem.semper.auctor@lectusconvallis.net', 'Inga Contreras', 'Kerry Boyle', 'Kerry Boyle', 'Ap #285-6597 Lacinia St.', '0', '1', 'Donec elementum, lorem ut aliquam iaculis, lacus pede sagittis augue,', 'Francis', 'Virginia', '2028-10-13 00:00:00', null);
INSERT INTO `user` VALUES ('51', 'Stephen Christensen', '094-358-9462', 'non@variusultricesmauris.ca', 'Dominique Fuller', 'Hashim Roman', 'Hashim Roman', 'Ap #515-6380 Augue, Road', '1', '1', 'enim nec tempus scelerisque, lorem ipsum sodales purus, in molestie', 'Zahir', 'Irene', '2020-04-14 00:00:00', null);
INSERT INTO `user` VALUES ('52', 'Isaac Stephens', '079-899-6795', 'taciti@volutpatornarefacilisis.com', 'Kieran Schultz', 'Tara Sanchez', 'Tara Sanchez', '3887 Eu, Road', '0', '1', 'urna. Nunc quis arcu vel quam dignissim pharetra. Nam ac', 'Branden', 'Ima', '2029-01-14 00:00:00', null);
INSERT INTO `user` VALUES ('53', 'Caleb Whitehead', '047-730-6816', 'eu.arcu@Aenean.org', 'Brock Henry', 'Kasimir Tanner', 'Kasimir Tanner', 'Ap #304-6676 Fermentum Rd.', '1', '0', 'nonummy ut, molestie in, tempus eu, ligula. Aenean euismod mauris', 'Hector', 'Frances', '2018-01-14 00:00:00', null);
INSERT INTO `user` VALUES ('54', 'Armand Hartman', '019-899-9099', 'pede.Praesent@porttitorscelerisque.net', 'Harper Gibson', 'Peter Holman', 'Peter Holman', '217-310 Sem. St.', '1', '1', 'arcu. Aliquam ultrices iaculis odio. Nam interdum enim non nisi.', 'Chester', 'Uta', '2017-06-14 00:00:00', null);
INSERT INTO `user` VALUES ('55', 'Price Copeland', '059-985-7181', 'dolor.Nulla.semper@ullamcorper.org', 'Jacqueline Harper', 'Grant Woods', 'Grant Woods', '795-6959 Varius Rd.', '1', '0', 'Curabitur consequat, lectus sit amet luctus vulputate, nisi sem semper', 'Hyatt', 'Jorden', '2024-09-13 00:00:00', null);
INSERT INTO `user` VALUES ('56', 'Ciaran Padilla', '098-257-1139', 'pretium@aliquet.ca', 'Noel Horton', 'Graham Reilly', 'Graham Reilly', '984 Nam Street', '1', '1', 'scelerisque dui. Suspendisse ac metus vitae velit egestas lacinia. Sed', 'Tyler', 'Lael', '2016-02-15 00:00:00', null);
INSERT INTO `user` VALUES ('57', 'Roth Guzman', '067-723-0176', 'posuere.at@purus.ca', 'Lucius Horn', 'Blaine Waller', 'Blaine Waller', '9965 Molestie Road', '1', '1', 'vel nisl. Quisque fringilla euismod enim. Etiam gravida molestie arcu.', 'Orson', 'Tasha', '2018-09-14 00:00:00', null);
INSERT INTO `user` VALUES ('58', 'Kevin Young', '020-592-6797', 'faucibus.id.libero@porttitor.com', 'Samuel Welch', 'Lesley Leach', 'Lesley Leach', '742 Facilisi. St.', '1', '1', 'non lorem vitae odio sagittis semper. Nam tempor diam dictum', 'Elmo', 'Madeline', '2020-05-15 00:00:00', null);
INSERT INTO `user` VALUES ('59', 'Hoyt Bass', '037-708-2748', 'odio@magnaaneque.org', 'Ina Bond', 'Rama Moses', 'Rama Moses', 'P.O. Box 112, 4873 Cras Avenue', '1', '1', 'Suspendisse dui. Fusce diam nunc, ullamcorper eu, euismod ac, fermentum', 'Stephen', 'Imogene', '2007-07-14 00:00:00', null);
INSERT INTO `user` VALUES ('60', 'Sylvester Edwards', '062-798-2438', 'Sed@semperauctor.org', 'Moana Taylor', 'Briar Poole', 'Briar Poole', 'P.O. Box 869, 4896 Sed, Rd.', '0', '0', 'risus. Nunc ac sem ut dolor dapibus gravida. Aliquam tincidunt,', 'Cade', 'Hermione', '2001-06-14 00:00:00', null);
INSERT INTO `user` VALUES ('61', 'Jakeem Fry', '052-414-1225', 'ut.nisi@tortorIntegeraliquam.com', 'Lucy Pittman', 'Maggy Bray', 'Maggy Bray', '4397 Et, Ave', '1', '1', 'suscipit nonummy. Fusce fermentum fermentum arcu. Vestibulum ante ipsum primis', 'Luke', 'Marny', '2001-05-14 00:00:00', null);
INSERT INTO `user` VALUES ('62', 'Travis Mcpherson', '095-798-3263', 'Nunc.lectus@imperdieterat.com', 'Constance Hunter', 'Abra Mercado', 'Abra Mercado', 'Ap #640-6495 Convallis Rd.', '0', '1', 'a, magna. Lorem ipsum dolor sit amet, consectetuer adipiscing elit.', 'Jarrod', 'Daphne', '2010-09-14 00:00:00', null);
INSERT INTO `user` VALUES ('63', 'Sawyer Rivera', '080-483-1237', 'facilisi.Sed.neque@Loremipsum.ca', 'Scott Lawson', 'Zeus Rich', 'Zeus Rich', '7931 Erat, Rd.', '1', '1', 'elementum, lorem ut aliquam iaculis, lacus pede sagittis augue, eu', 'Roth', 'Dorothy', '2030-11-13 00:00:00', null);
INSERT INTO `user` VALUES ('64', 'Hammett Palmer', '074-964-5892', 'eu@euplacerateget.org', 'Alisa House', 'Debra Bird', 'Debra Bird', '616-2002 Nunc Street', '0', '1', 'risus. Nulla eget metus eu erat semper rutrum. Fusce dolor', 'Herman', 'Ria', '2015-05-14 00:00:00', null);
INSERT INTO `user` VALUES ('65', 'Lionel Reeves', '060-297-0206', 'tellus.id.nunc@necleoMorbi.net', 'Alden Blair', 'Audra Bird', 'Audra Bird', '480-5451 Mauris, Road', '0', '1', 'non, luctus sit amet, faucibus ut, nulla. Cras eu tellus', 'Peter', 'Lois', '2017-03-14 00:00:00', null);
INSERT INTO `user` VALUES ('66', 'Hiram Wilcox', '075-757-5686', 'Integer.urna@viverraDonectempus.co.uk', 'Bruce Bartlett', 'Jarrod Harris', 'Jarrod Harris', '960-5560 Tincidunt, Street', '1', '0', 'lobortis quis, pede. Suspendisse dui. Fusce diam nunc, ullamcorper eu,', 'Barclay', 'Kessie', '2026-10-13 00:00:00', null);
INSERT INTO `user` VALUES ('67', 'Colton Workman', '023-000-2876', 'cursus.et.eros@sollicitudin.co.uk', 'Hector Hendricks', 'Hunter Graham', 'Hunter Graham', 'Ap #530-8809 Nunc. Ave', '1', '1', 'convallis dolor. Quisque tincidunt pede ac urna. Ut tincidunt vehicula', 'Andrew', 'Mari', '2008-03-14 00:00:00', null);
INSERT INTO `user` VALUES ('68', 'Noah Medina', '098-414-3540', 'orci.adipiscing@parturientmontesnascetur.edu', 'Florence Small', 'Cairo Mosley', 'Cairo Mosley', 'Ap #126-2456 Ligula. Road', '0', '0', 'neque. Nullam ut nisi a odio semper cursus. Integer mollis.', 'Elijah', 'Tatiana', '2026-02-15 00:00:00', null);
INSERT INTO `user` VALUES ('69', 'Kibo Brock', '049-776-2198', 'nec.enim.Nunc@ipsumnon.co.uk', 'Armando Hawkins', 'Keane Sharpe', 'Keane Sharpe', 'P.O. Box 523, 7929 Consectetuer Ave', '0', '1', 'Nulla aliquet. Proin velit. Sed malesuada augue ut lacus. Nulla', 'Hiram', 'Chanda', '2007-12-14 00:00:00', null);
INSERT INTO `user` VALUES ('70', 'Jeremy Richardson', '038-995-2724', 'massa.rutrum.magna@nisia.org', 'Thomas Hawkins', 'Tamara Castro', 'Tamara Castro', '199-3005 Nunc Rd.', '0', '1', 'nisl sem, consequat nec, mollis vitae, posuere at, velit. Cras', 'Wallace', 'Lana', '2014-11-14 00:00:00', null);
INSERT INTO `user` VALUES ('71', 'Hasad Carr', '034-455-4317', 'non@Morbisit.com', 'Cleo Macias', 'Nora Nicholson', 'Nora Nicholson', 'Ap #745-6239 Donec Rd.', '0', '1', 'habitant morbi tristique senectus et netus et malesuada fames ac', 'Wylie', 'Deirdre', '2010-12-13 00:00:00', null);
INSERT INTO `user` VALUES ('72', 'Oleg Hicks', '069-386-9838', 'justo.eu@adipiscingMaurismolestie.net', 'Thaddeus Terrell', 'Otto Dorsey', 'Otto Dorsey', 'Ap #399-2043 Duis St.', '0', '1', 'elit, a feugiat tellus lorem eu metus. In lorem. Donec', 'Shad', 'Maite', '2001-02-15 00:00:00', null);
INSERT INTO `user` VALUES ('73', 'Myles Franklin', '016-682-4293', 'eu.ligula.Aenean@Crasvehiculaaliquet.edu', 'Cody Hendrix', 'Damian Herrera', 'Damian Herrera', '5703 A, St.', '0', '0', 'Nam consequat dolor vitae dolor. Donec fringilla. Donec feugiat metus', 'Elvis', 'Serina', '2015-11-14 00:00:00', null);
INSERT INTO `user` VALUES ('74', 'Preston Rutledge', '025-717-2776', 'libero.et.tristique@ac.ca', 'Teegan Bird', 'Briar Wong', 'Briar Wong', 'Ap #226-6882 Massa Street', '1', '0', 'blandit. Nam nulla magna, malesuada vel, convallis in, cursus et,', 'Emmanuel', 'Celeste', '2004-01-14 00:00:00', null);
INSERT INTO `user` VALUES ('75', 'Kaseem Le', '086-157-1170', 'vel@nonleo.com', 'Jermaine Stokes', 'Uta Crosby', 'Uta Crosby', '958-7995 In Avenue', '0', '1', 'Mauris magna. Duis dignissim tempor arcu. Vestibulum ut eros non', 'Addison', 'Brittany', '2022-12-14 00:00:00', null);
INSERT INTO `user` VALUES ('76', 'Bruce Hardin', '023-960-3803', 'mauris@loremvitae.com', 'Robin Terrell', 'Amos Wilder', 'Amos Wilder', 'P.O. Box 214, 9978 Nulla. St.', '0', '1', 'porta elit, a feugiat tellus lorem eu metus. In lorem.', 'Thor', 'Shellie', '2024-03-15 00:00:00', null);
INSERT INTO `user` VALUES ('77', 'Len Pickett', '071-745-3131', 'blandit.at@ullamcorpereu.net', 'Ezra Collins', 'Lionel Dodson', 'Lionel Dodson', 'Ap #313-999 Donec Rd.', '1', '0', 'risus. Duis a mi fringilla mi lacinia mattis. Integer eu', 'Austin', 'Nyssa', '2021-04-14 00:00:00', null);
INSERT INTO `user` VALUES ('78', 'Wallace Cleveland', '004-854-0666', 'dignissim@vestibulumneceuismod.org', 'Jakeem Durham', 'Jada Kramer', 'Jada Kramer', 'Ap #104-1838 Sit Ave', '1', '0', 'Phasellus fermentum convallis ligula. Donec luctus aliquet odio. Etiam ligula', 'Robert', 'Phoebe', '2031-03-15 00:00:00', null);
INSERT INTO `user` VALUES ('79', 'Dieter Stevenson', '018-075-3609', 'Nunc@non.ca', 'Plato Conley', 'Timothy Watson', 'Timothy Watson', '4836 Dignissim St.', '0', '1', 'consectetuer rhoncus. Nullam velit dui, semper et, lacinia vitae, sodales', 'Vernon', 'Sloane', '2011-05-14 00:00:00', null);
INSERT INTO `user` VALUES ('80', 'Thaddeus Cruz', '024-657-4831', 'sed.est@fermentum.ca', 'Basia Saunders', 'Kamal Washington', 'Kamal Washington', '814 Eu, St.', '1', '1', 'a feugiat tellus lorem eu metus. In lorem. Donec elementum,', 'Kelly', 'Tatyana', '2009-02-15 00:00:00', null);
INSERT INTO `user` VALUES ('81', 'Kadeem Knowles', '021-777-2825', 'felis.Donec@dolor.ca', 'Alexis Valentine', 'Amir Davidson', 'Amir Davidson', 'Ap #407-9401 Id, Road', '1', '0', 'sem, vitae aliquam eros turpis non enim. Mauris quis turpis', 'Stone', 'Avye', '2026-09-13 00:00:00', null);
INSERT INTO `user` VALUES ('82', 'Jordan Gardner', '079-190-0701', 'lorem@ullamcorperDuiscursus.net', 'Florence Alston', 'Ashely Blackwell', 'Ashely Blackwell', 'P.O. Box 326, 1007 Iaculis Street', '1', '1', 'dapibus id, blandit at, nisi. Cum sociis natoque penatibus et', 'Ezekiel', 'Linda', '2028-02-14 00:00:00', null);
INSERT INTO `user` VALUES ('83', 'Berk George', '098-436-4004', 'Vestibulum.ante.ipsum@augueut.co.uk', 'Silas Noel', 'Iris Holden', 'Iris Holden', 'P.O. Box 361, 3767 Purus Av.', '1', '1', 'ultrices, mauris ipsum porta elit, a feugiat tellus lorem eu', 'Keegan', 'Orla', '2013-05-14 00:00:00', null);
INSERT INTO `user` VALUES ('84', 'Wing Schultz', '061-450-6886', 'vel.convallis@arcuVivamus.ca', 'Chaim Best', 'Theodore Burnett', 'Theodore Burnett', 'P.O. Box 946, 8063 Convallis Road', '0', '0', 'mauris. Morbi non sapien molestie orci tincidunt adipiscing. Mauris molestie', 'Colby', 'Demetria', '2015-08-14 00:00:00', null);
INSERT INTO `user` VALUES ('85', 'Porter Yates', '099-200-8144', 'dictum@Quisque.org', 'Iliana Chaney', 'Tanya Lane', 'Tanya Lane', 'Ap #225-8111 Nullam Street', '0', '1', 'et magnis dis parturient montes, nascetur ridiculus mus. Proin vel', 'Yardley', 'Sigourney', '2028-10-14 00:00:00', null);
INSERT INTO `user` VALUES ('86', 'Dominic Cherry', '088-884-7636', 'neque@mifringilla.ca', 'Nelle Patton', 'Flynn Tyson', 'Flynn Tyson', '157-4847 Donec St.', '1', '0', 'erat eget ipsum. Suspendisse sagittis. Nullam vitae diam. Proin dolor.', 'Kelly', 'Carolyn', '2004-08-13 00:00:00', null);
INSERT INTO `user` VALUES ('87', 'Jack Best', '054-649-1953', 'dapibus.id.blandit@ridiculusmusDonec.org', 'Mary Hoffman', 'Anne Simon', 'Anne Simon', 'Ap #673-5508 Metus. Street', '0', '1', 'vehicula aliquet libero. Integer in magna. Phasellus dolor elit, pellentesque', 'Phillip', 'Madaline', '2024-01-15 00:00:00', null);
INSERT INTO `user` VALUES ('89', 'napoleonyb', 'dfdfd', 'sonha@sohagame.vn', 'fdf', null, null, 'vdfdf', null, null, '123456', null, null, null, '1');
INSERT INTO `user` VALUES ('90', 'alibaba', '0936456190', 'napoleonybbaba@yahoo.com', 'hason5`', null, null, 'Hà Nội', null, null, null, null, null, null, null);
